ID,电影名,地区,导演,主演,类型,特色,评分,评分标准差
1291544,哈利·波特与阿兹卡班的囚徒,英国,阿方索·卡隆,丹尼尔·雷德克里夫|艾玛·沃森|鲁伯特·格林特|加里·奥德曼|朱丽·沃特斯,剧情|奇幻|悬疑|科幻|冒险,魔幻|经典|青春,8.3,1.2604297562246518
1291545,大鱼,美国,蒂姆·波顿,伊万·麦克格雷格|阿尔伯特·芬尼|比利·克鲁德普|杰西卡·兰格|海伦娜·伯翰·卡特,冒险|剧情|奇幻,魔幻|经典,8.7,1.492991970850823
1291548,死亡诗社,美国,彼得·威尔,罗宾·威廉姆斯|罗伯特·肖恩·莱纳德|伊桑·霍克|乔西·查尔斯|盖尔·汉森,剧情,经典|励志|青春,9.0,1.4890239058497996
1291552,指环王3：王者无敌,美国,彼得·杰克逊,维果·莫腾森|伊莱贾·伍德|西恩·奥斯汀|丽芙·泰勒|伊恩·麦克莱恩,战争|剧情|奇幻|冒险|动作,魔幻|经典|励志,9.1,1.5833217219487208
1291554,歌剧魅影,英国,泰伦斯·费希,赫伯特·罗姆|海瑟·西尔斯|Edward de Souza,爱情|犯罪|剧情|惊悚|恐怖|音乐|悬疑|歌舞,经典|文艺,8.1,1.4278685348143534
1291562,黑暗中的舞者,丹麦,拉斯·冯·提尔,比约克|凯瑟琳·德纳芙|大卫·摩斯|彼得·斯特曼|乔尔·格雷,剧情|音乐|犯罪|歌舞,感人|女性|经典|文艺,8.3,1.5512325171689523
1291571,指环王1：魔戒再现,英国,彼得·杰克逊,伊莱贾·伍德|西恩·奥斯汀|伊恩·麦克莱恩|维果·莫腾森|奥兰多·布鲁姆,战争|剧情|奇幻|冒险|动作,魔幻|经典|励志,8.9,1.4975585737064463
1291572,指环王2：双塔奇兵,美国,彼得·杰克逊,伊莱贾·伍德|西恩·奥斯汀|伊恩·麦克莱恩|维果·莫腾森|奥兰多·布鲁姆,战争|剧情|奇幻|冒险|动作,魔幻|经典|励志,9.0,1.5318102501386397
1291580,杀死比尔,美国,昆汀·塔伦蒂诺,乌玛·瑟曼|刘玉玲|薇薇卡·福克斯|达丽尔·汉纳|大卫·卡拉丁,动作|惊悚|剧情|犯罪,经典|黑帮,8.1,1.4209796561468366
1291584,杀死比尔2,美国,昆汀·塔伦蒂诺,乌玛·瑟曼|大卫·卡拉丁|刘家辉|薇薇卡·福克斯|刘玉玲,爱情|犯罪|剧情|惊悚|动作,经典|黑帮,7.8,1.3460043565039925
1291586,海底总动员,美国,安德鲁·斯坦顿|李·昂克里奇,艾伯特·布鲁克斯|艾伦·德杰尼勒斯|亚历山大·古尔德|威廉·达福|布拉德·加内特,冒险|喜剧,搞笑|经典,8.2,1.3124378218459336
1291818,饮食男女,中国大陆,曹瑞原,霍思燕|蓝正龙|归亚蕾|张孝全|曾江,爱情|剧情,感人|经典|文艺,5.3,1.430791470144018
1291822,卢旺达饭店,英国,特瑞·乔治,唐·钱德尔|苏菲·奥康内多|杰昆·菲尼克斯|尼克·诺特|哈基姆·凯-卡西姆,传记|战争|剧情|历史,感人|经典,8.9,1.2649814131157662
1291824,黑鹰坠落,美国,雷德利·斯科特,乔什·哈奈特|伊万·麦克格雷格|汤姆·塞兹摩尔|金·寇兹|艾文·布莱纳,剧情|战争|动作|历史,经典,8.6,1.3612651565060805
1291832,低俗小说,美国,昆汀·塔伦蒂诺,约翰·特拉沃尔塔|乌玛·瑟曼|阿曼达·普拉莫|蒂姆·罗斯|塞缪尔·杰克逊,犯罪|剧情|喜剧|惊悚|悬疑|动作,搞笑|经典|黑帮|文艺,8.8,1.4921989336739439
1291833,杯酒人生,美国,亚历山大·佩恩,保罗·吉亚玛提|托马斯·哈登·丘奇|维吉妮娅·马德森|吴珊卓|玛丽路易丝·贝克,爱情|剧情|喜剧,经典|文艺,7.9,1.1917589323577755
1291835,迷失东京,日本,索菲亚·科波拉,斯嘉丽·约翰逊|比尔·默瑞|吉奥瓦尼·瑞比西|竹下明子|安娜·法瑞丝,爱情|剧情,经典|文艺,7.7,1.340507725065753
1291836,戴珍珠耳环的少女,英国,彼得·韦柏 ,科林·费尔斯|斯嘉丽·约翰逊|汤姆·威尔金森|朱迪·帕瑞福特|基里安·墨菲,爱情|传记|剧情,女性|经典|文艺,7.7,1.2571349285599638
1291840,走出非洲,美国,西德尼·波拉克,梅丽尔·斯特里普|罗伯特·雷德福|克劳斯·马利亚·布朗道尔|迈克尔·基臣,传记|爱情|冒险|剧情,女性|经典|文艺,8.5,1.1627423956217766
1291841,教父,美国,弗朗西斯·福特·科波拉,马龙·白兰度|阿尔·帕西诺|詹姆斯·肯恩|理查德·卡斯特尔诺|罗伯特·杜瓦尔,动作|剧情|犯罪,经典|黑帮|励志,9.2,1.5530537582376152
1291842,当哈利遇到莎莉,美国,罗伯·莱纳,梅格·瑞恩|比利·克里斯托|凯丽·费雪|布鲁诺·柯比,爱情|剧情|喜剧,经典|文艺,8.2,1.261605068836561
1291843,黑客帝国,澳大利亚,莉莉·沃卓斯基|拉娜·沃卓斯基,基努·里维斯|凯瑞-安·莫斯|劳伦斯·菲什伯恩|雨果·维文|格洛丽亚·福斯特,剧情|奇幻|犯罪|悬疑|科幻|冒险|动作,经典,8.8,1.519296788081443
1291844,终结者2：审判日,法国,詹姆斯·卡梅隆,阿诺·施瓦辛格|琳达·汉密尔顿|爱德华·福隆|罗伯特·帕特里克|阿尔·伯恩,科幻|惊悚|动作|剧情,经典,8.6,0.9898394498443579
1291853,英国病人,英国,安东尼·明格拉,拉尔夫·费因斯|朱丽叶·比诺什|威廉·达福|克里斯汀·斯科特·托马斯|纳威恩·安德利维斯,爱情|战争|剧情,感人|经典|文艺,8.5,1.447089862126422
1291859,布拉格之恋,法国,菲利普·考夫曼,丹尼尔·戴-刘易斯|朱丽叶·比诺什|莉娜·奥琳|德雷克·德·林特|厄兰·约瑟夫森,爱情|剧情|情色,经典|文艺,8.1,1.2773074838653558
1291869,本能,法国,保罗·范霍文,迈克尔·道格拉斯|莎朗·斯通|乔治·杜兹达扎|珍妮·特里普里霍恩|丹尼斯·阿尔恩特,爱情|犯罪|剧情|惊悚|悬疑|情色,经典,7.7,1.2951719095719232
1291870,雨人,美国,巴瑞·莱文森,达斯汀·霍夫曼|汤姆·克鲁斯|瓦莱丽亚·戈利诺|邦尼·亨特,剧情,感人|经典|励志,8.6,1.3179447796781707
1291990,爱在日落黄昏时,美国,理查德·林克莱特,伊桑·霍克|朱莉·德尔佩|弗农·多布切夫,爱情|剧情,感人|经典|文艺,8.8,1.4982084730199021
1291992,末路狂花,印度,Srijit Mukherji,Pallavi Sharda|Vidya Balan|Gauhar Khan,剧情|犯罪|惊悚|历史|传记,女性|经典,7.8,1.3915656480621525
1292001,海上钢琴师,意大利,朱塞佩·托纳多雷,蒂姆·罗斯|普路特·泰勒·文斯|比尔·努恩|梅兰尼·蒂埃里|阿尔贝托·巴斯克斯,爱情|音乐|剧情,感人|励志|经典|文艺,9.2,1.5653195281555867
1292052,肖申克的救赎,美国,弗兰克·德拉邦特,蒂姆·罗宾斯|摩根·弗里曼|鲍勃·冈顿|威廉姆·赛德勒|克兰西·布朗,剧情|悬疑|犯罪,感人|经典|励志,9.6,1.7229006826916868
1292062,美国丽人,美国,萨姆·门德斯,凯文·史派西|安妮特·贝宁|索拉·伯奇|韦斯·本特利|米娜·苏瓦丽,爱情|悬疑|剧情|情色,经典|文艺|青春,8.4,1.4730088453817765
1292064,楚门的世界,美国,彼得·威尔,金·凯瑞|劳拉·琳妮|艾德·哈里斯|诺亚·艾默里奇|娜塔莎·麦克艾霍恩,科幻|剧情|悬疑|喜剧,经典|励志,9.1,1.5387689242341869
1292065,疤面煞星,美国,布莱恩·德·帕尔玛,阿尔·帕西诺|斯蒂文·鲍尔|米歇尔·菲佛|玛丽·伊丽莎白·马斯特兰托尼奥|罗伯特·劳吉亚,动作|惊悚|犯罪|剧情,经典|黑帮,8.2,1.1900970499006696
1292067,冰血暴,英国,乔尔·科恩,威廉姆·H·梅西|史蒂夫·布西密|彼得·斯特曼|弗兰西斯·麦克多蒙德|哈威·普雷斯内尔,惊悚|悬疑|剧情|犯罪,经典,7.9,1.2686629308212853
1292208,上帝之城,法国,卡迪亚·兰德|费尔南多·梅里尔斯,亚历桑德雷·罗德里格斯|莱安德鲁·菲尔米诺|菲利佩·哈根森|道格拉斯·席尔瓦|乔纳森·哈根森,动作|剧情|战争|犯罪,经典|黑帮|青春,8.9,1.4452870978080778
1292212,天使之城,德国,布拉德·塞伯宁,尼古拉斯·凯奇|梅格·瑞恩|安德鲁·布劳尔|丹尼斯·弗兰茨|科鲁姆·费奥瑞,爱情|剧情|犯罪|奇幻,感人|经典|文艺|青春,7.9,1.3197976609563546
1292214,非常嫌疑犯,德国,布莱恩·辛格,史蒂芬·鲍德温|加布里埃尔·伯恩|本尼西奥·德尔·托罗|凯文·波拉克|凯文·史派西,剧情|犯罪|惊悚|悬疑|动作,经典|黑帮,8.6,1.402053939309422
1292217,穆赫兰道,法国,大卫·林奇,娜奥米·沃茨|劳拉·哈灵|安·米勒|贾斯汀·塞洛克斯|斯科特·科菲,爱情|犯罪|剧情|惊悚|恐怖|同性|悬疑,经典|文艺,8.3,1.5958250711333188
1292222,出租车司机,美国,马丁·斯科塞斯,罗伯特·德尼罗|朱迪·福斯特|斯碧尔·谢波德|艾伯特·布鲁克斯|哈威·凯特尔,动作|惊悚|犯罪|剧情,经典|文艺,8.4,1.4010349485046953
1292223,七宗罪,意大利,菲利普·德·布罗卡|克洛德·夏布洛尔|雅克·德米|让-吕克·戈达尔|马克斯·杜伊|尤内斯库|埃德沃德·莫利纳罗|罗杰·瓦迪姆,让-皮埃尔·卡塞尔|达尼·萨瓦尔|乔治·威尔森|让·德赛利|埃迪·康斯坦丁,惊悚|悬疑|犯罪|剧情,经典,8.4,1.5036741788153551
1292224,飞越疯人院,美国,米洛斯·福尔曼,杰克·尼科尔森|丹尼·德维托|克里斯托弗·洛伊德|路易丝·弗莱彻|威尔·萨姆森,剧情|喜剧,感人|励志|经典|文艺,9.0,1.5458682701668698
1292225,闪灵,英国,斯坦利·库布里克,杰克·尼科尔森|谢莉·杜瓦尔|丹尼·劳埃德|斯加特曼·克罗索斯|巴瑞·尼尔森,惊悚|悬疑|恐怖|剧情,经典,8.0,1.4300311146926086
1292226,2001太空漫游,美国,斯坦利·库布里克,凯尔·杜拉|加里·洛克伍德|威廉姆·西尔维斯特|丹尼尔·里希特|雷纳德·洛塞特,剧情|奇幻|惊悚|悬疑|科幻|冒险,经典|文艺,8.7,1.6290346079054787
1292229,天生杀人狂,美国,奥利佛·斯通,伍迪·哈里森|朱丽叶特·刘易斯|汤姆·塞兹摩尔|汤米·李·琼斯|小罗伯特·唐尼,爱情|剧情|犯罪|惊悚|动作,经典,8.0,1.5075754653694062
1292233,发条橙,英国,斯坦利·库布里克,马尔科姆·麦克道威尔|帕特里克·马基|迈克尔·贝茨|沃伦·克拉克|约翰·克莱夫,科幻|剧情|犯罪,经典|青春,8.4,1.5803143337302854
1292234,漫长的婚约,法国,让-皮埃尔·热内,奥黛丽·塔图|加斯帕德·尤利尔|多米尼克·皮侬|安德烈·杜索里埃|迪基·奥尔加多,爱情|悬疑|战争|剧情,经典|文艺,8.1,1.1252714624912754
1292260,现代启示录,美国,弗朗西斯·福特·科波拉,马龙·白兰度|马丁·辛|罗伯特·杜瓦尔|弗雷德里克·福瑞斯特|山姆·伯顿斯,战争|剧情,经典,8.4,1.4754917431110457
1292262,美国往事,意大利,赛尔乔·莱翁内,罗伯特·德尼罗|詹姆斯·伍兹|伊丽莎白·麦戈文|乔·佩西|波特·杨,爱情|犯罪|剧情,经典|黑帮,9.1,1.5708835233571286
1292267,银河系漫游指南,英国,加斯·詹宁斯,马丁·弗瑞曼|茅斯·达夫|山姆·洛克威尔|佐伊·丹斯切尔|沃维克·戴维斯,剧情|喜剧|奇幻|科幻|冒险,搞笑|经典,8.1,1.400506129018155
1292268,好家伙,美国,马丁·斯科塞斯,罗伯特·德尼罗|雷·利奥塔|乔·佩西|洛南·布雷科|保罗·索维诺,爱情|犯罪|剧情|喜剧|情色|传记|动作,经典|黑帮|文艺,8.3,1.240435119684802
1292270,梦之安魂曲,美国,达伦·阿伦诺夫斯基,艾伦·伯斯汀|杰瑞德·莱托|詹妮弗·康纳利|马龙·韦恩斯|克里斯托弗·麦克唐纳,惊悚|犯罪|剧情,经典,8.7,1.5798924204071814
1292271,毕业生,美国,迈克·尼科尔斯,安妮·班克罗夫特|达斯汀·霍夫曼|凯瑟琳·罗斯|威廉·丹尼尔斯|莫瑞·汉密尔顿,爱情|音乐|喜剧|剧情,经典|青春|励志|文艺,7.9,1.3588415840157553
1292288,公民凯恩,美国,Michael Epstein|Thomas Lennon,Richard Ben Cramer|威廉·阿伦德|彼得·博格丹诺维奇,传记|悬疑|剧情|犯罪,经典,7.6,1.4128914669854018
1292326,暴力街区,加拿大,卡米尔·狄拉玛,保罗·沃克|大卫·贝利|罗伯特·菲茨杰拉德·迪格斯|古奇·鲍埃|卡塔利娜·丹尼斯,剧情|犯罪|喜剧|冒险|动作,经典|黑帮,6.9,1.2227440831112237
1292332,移魂都市,美国,亚历克斯·普罗亚斯,卢夫斯·塞维尔|威廉·赫特|基弗·萨瑟兰|詹妮弗·康纳利,剧情|奇幻|惊悚|悬疑|科幻,经典,7.8,1.2817459775663176
1292343,蝴蝶效应,加拿大,埃里克·布雷斯|J·麦基·格鲁伯,阿什顿·库彻|梅罗拉·沃特斯|艾米·斯马特|埃尔登·汉森|威廉姆·李·斯科特,爱情|犯罪|剧情|喜剧|奇幻|惊悚|恐怖|悬疑|科幻,感人|经典|搞笑,8.7,1.4800748702756976
1292344,十二罗汉,美国,史蒂文·索德伯格,乔治·克鲁尼|布拉德·皮特|凯瑟琳·泽塔-琼斯|朱莉娅·罗伯茨|安迪·加西亚,剧情|犯罪|喜剧|惊悚|悬疑|冒险|动作,搞笑|经典,7.1,1.198958506997429
1292348,洛城机密,美国,柯蒂斯·汉森,凯文·史派西|罗素·克劳|盖·皮尔斯|詹姆斯·克伦威尔|金·贝辛格,剧情|犯罪|惊悚|悬疑|动作,经典|黑帮,8.7,0.9577317952687978
1292370,剪刀手爱德华,美国,蒂姆·波顿,约翰尼·德普|薇诺娜·瑞德|黛安·韦斯特|安东尼·迈克尔·豪尔|凯西·贝克,科幻|爱情|剧情|奇幻,感人|经典,8.7,1.4997577381941647
1292401,真爱至上,法国,理查德·柯蒂斯,休·格兰特|科林·费尔斯|艾玛·汤普森|凯拉·奈特莉|连姆·尼森,爱情|剧情|犯罪|喜剧,感人|经典|文艺|青春,8.5,1.4826858592963508
1292402,西西里的美丽传说,意大利,朱塞佩·托纳多雷,莫妮卡·贝鲁奇|朱塞佩·苏尔法罗|埃丽萨·莫鲁奇,爱情|战争|剧情|情色,女性|经典|文艺|青春,8.8,1.514618787045133
1292529,机器管家,德国,克里斯·哥伦布,罗宾·威廉姆斯|艾伯丝·戴维兹|山姆·尼尔|奥利弗·普莱特|绮尔斯腾·瓦伦,爱情|剧情|奇幻|喜剧|科幻,感人|经典,8.5,1.1750207757928117
1292531,华尔街,美国,奥利佛·斯通,查理·辛|迈克尔·道格拉斯|达丽尔·汉纳|塔马拉·图尼|约翰·C·麦金雷,剧情|犯罪,经典,8.1,0.8765916850885992
1292550,埃及艳后,英国,约瑟夫·L·曼凯维奇,伊丽莎白·泰勒|理查德·伯顿|雷克斯·哈里森|帕梅拉·布朗|乔治·科尔,爱情|战争|剧情|历史|传记,女性|经典,7.7,1.0843543823335267
1292553,真实的谎言,美国,詹姆斯·卡梅隆,阿诺·施瓦辛格|杰米·李·柯蒂斯|汤姆·阿诺德|比尔·帕克斯顿|蒂亚·卡雷尔,爱情|剧情|喜剧|犯罪|惊悚|科幻|冒险|动作,搞笑|经典,8.1,1.0665018827920025
1292656,心灵捕手,美国,格斯·范·桑特,马特·达蒙|罗宾·威廉姆斯|本·阿弗莱克|斯特兰·斯卡斯加德|明妮·德里弗,剧情,经典|励志|青春,8.8,1.4572695820041786
1292659,变脸,印度,Vamsi Paidipally,拉姆·查兰·特哈|阿留·阿俊|施卢蒂·哈森|艾米·杰克逊|卡加·艾嘉,爱情|犯罪|剧情|惊悚|悬疑|科幻|动作|歌舞,经典|文艺|青春,6.5,1.3533504913427363
1292699,东方快车谋杀案,英国,菲利普·马丁,大卫·苏切|艾琳·阿特金斯|杰西卡·查斯坦|玛丽-乔西·克罗兹|大卫·莫瑞瑟,惊悚|悬疑|犯罪|剧情,经典,8.0,1.0127608178259757
1292718,大河恋,美国,罗伯特·雷德福,布拉德·皮特|克莱格·谢佛|汤姆·斯凯里特|布兰达·布莱斯|伊迪·迈克莱尔,剧情,经典,8.4,1.023543645239868
1292720,阿甘正传,美国,罗伯特·泽米吉斯,汤姆·汉克斯|罗宾·怀特|加里·西尼斯|麦凯尔泰·威廉逊|莎莉·菲尔德,传记|爱情|剧情|喜剧,感人|励志|青春|文艺|经典,9.4,1.6089585910606117
1292722,泰坦尼克号,美国,詹姆斯·卡梅隆,莱昂纳多·迪卡普里奥|凯特·温丝莱特|比利·赞恩|凯西·贝茨|弗兰西丝·费舍,爱情|灾难|剧情|历史,感人|经典|励志,9.3,1.6136107770276382
1292728,勇闯夺命岛,美国,迈克尔·贝,肖恩·康纳利|尼古拉斯·凯奇|艾德·哈里斯|约翰·斯宾塞|大卫·摩斯,动作|冒险|战争|犯罪,经典,8.6,1.4017526697384188
1292769,世界末日,美国,迈克尔·贝,布鲁斯·威利斯|本·阿弗莱克|丽芙·泰勒|威廉·菲德内尔|比利·鲍伯·松顿,剧情|喜剧|奇幻|惊悚|科幻|冒险|灾难|动作,搞笑|经典,7.7,1.2842728469759979
1292792,我自己的爱达荷,美国,格斯·范·桑特,瑞凡·菲尼克斯|基努·里维斯|詹姆斯·拉索|罗德尼·哈维|切瑞拉·凯瑟莉,爱情|同性|剧情,经典|文艺|青春,8.2,1.2498418855210194
1292925,伴我同行,中国香港,高志森,刘雅丽|许芬|苏玉华|罗冠兰|陈淑仪,传记|冒险|剧情,女性|感人|励志|青春|文艺|经典,8.2,0.9887415689197514
1292973,小鸡快跑,英国,彼得·洛伊德|尼克·帕克,菲尔·丹尼尔斯|梅尔·吉布森|Tony Haygarth|简·霍洛克斯|米兰达·理查森,冒险|剧情|喜剧,搞笑|经典|励志,7.5,1.1501077975604674
1293013,独立日,美国,罗兰·艾默里奇,威尔·史密斯|比尔·普尔曼|杰夫·高布伦|玛丽·麦克唐纳|贾德·赫希,战争|剧情|惊悚|科幻|冒险|灾难|动作,经典|励志,7.9,1.3239727730976598
1293050,永不妥协,美国,史蒂文·索德伯格,朱莉娅·罗伯茨|阿尔伯特·芬尼|康查塔·费雷尔|艾伦·艾克哈特|玛格·海根柏格,传记|爱情|剧情,女性|经典|励志,8.3,0.828400158112677
1293088,小鬼当家,美国,克里斯·哥伦布,麦考利·卡尔金|乔·佩西|丹尼尔·斯特恩|约翰·赫德|罗伯茨·布洛瑟姆,剧情|喜剧,搞笑|经典,8.1,1.1413825748115676
1293124,惊情四百年,美国,弗朗西斯·福特·科波拉,加里·奥德曼|薇诺娜·瑞德|安东尼·霍普金斯|基努·里维斯|理查德·E·格兰特,爱情|剧情|奇幻|惊悚|恐怖,魔幻|经典,7.7,1.3293996025662496
1293145,费城故事,美国,乔治·库克,加里·格兰特|凯瑟琳·赫本|詹姆斯·斯图尔特|露丝·赫希|约翰·霍华德,剧情|爱情|喜剧|同性,经典,7.5,1.2333426744363332
1293167,生死时速,美国,扬·德·邦特,基努·里维斯|桑德拉·布洛克|丹尼斯·霍珀|杰夫·丹尼尔斯,动作|惊悚|犯罪|剧情,经典,8.0,1.226087898990181
1293173,古墓丽影,德国,西蒙·韦斯特,安吉丽娜·朱莉|强·沃特|伊恩·格雷|诺亚·泰勒|丹尼尔·克雷格,剧情|奇幻|科幻|冒险|动作,经典,7.0,1.247301913146463
1293181,惊魂记,美国,阿尔弗雷德·希区柯克,珍妮特·利|安东尼·博金斯|维拉·迈尔斯|马丁·鲍尔萨姆|约翰·加文,犯罪|剧情|惊悚|恐怖|悬疑,经典,8.9,1.5092308563562369
1293182,十二怒汉,美国,富兰克林·沙夫纳,罗伯特·卡明斯|法兰奇·汤恩|爱德华·阿诺德|保罗·哈特曼|约翰·贝尔,悬疑|剧情|犯罪,经典,9.4,1.6493619180889643
1293203,人鬼情未了,美国,杰瑞·扎克,帕特里克·斯威兹|黛米·摩尔|托尼·戈德温|乌比·戈德堡,爱情|悬疑|剧情|奇幻,感人|经典,8.2,1.3196646567890382
1293317,断箭,美国,吴宇森,约翰·特拉沃尔塔|克里斯蒂安·史莱特|萨曼莎·玛西丝|戴尔里·林多|鲍勃·冈顿,战争|剧情|犯罪|惊悚|冒险|动作,经典,7.2,1.1635738981920651
1293350,两杆大烟枪,英国,盖·里奇,杰森·弗莱明|德克斯特·弗莱彻|尼克·莫兰|杰森·斯坦森|斯蒂文·麦金托什,犯罪|剧情|喜剧|惊悚|悬疑|动作,搞笑|经典|黑帮,9.1,1.562793149141472
1293353,小鬼当家2,美国,克里斯·哥伦布,麦考利·卡尔金|乔·佩西|丹尼尔·斯特恩|凯瑟琳·欧哈拉|约翰·赫德,剧情|犯罪|喜剧|冒险|动作,搞笑|经典|青春,7.8,1.1415483627236351
1293374,热天午后,美国,西德尼·吕美特,阿尔·帕西诺|约翰·凯泽尔|查尔斯·德恩|克里斯·萨兰登|詹姆斯·布罗德里克,剧情|犯罪|喜剧,经典,8.6,1.3088286098603024
1293399,莫扎特传,美国,米洛斯·福尔曼,汤姆·休斯克|F·默里·亚伯拉罕|伊丽莎白·贝里奇|罗伊·多特里斯|杰弗瑞·琼斯,传记|音乐|剧情|历史,经典|文艺,8.6,1.4335751967063077
1293434,王牌对王牌,德国,F·加里·格雷,塞缪尔·杰克逊|凯文·史派西|大卫·摩斯|朗·瑞弗金|保罗·吉亚玛提,剧情|犯罪|惊悚|悬疑|动作,经典,8.4,1.2579247123495905
1293460,雨中曲,美国,斯坦利·多南|吉恩·凯利,吉恩·凯利|唐纳德·奥康纳|黛比·雷诺斯|赛德·查里斯|简·哈根,爱情|剧情|喜剧|音乐|歌舞,经典|文艺,9.0,1.3814183330639942
1293470,透明人,德国,保罗·范霍文,凯文·贝肯|伊丽莎白·苏|乔什·布洛林|金·迪肯斯|格雷戈·格伦伯格,剧情|犯罪|惊悚|恐怖|悬疑|科幻|动作,经典,6.6,1.2054958018968676
1293527,美国X档案,美国,托尼·凯耶,爱德华·诺顿|爱德华·福隆|比佛莉·德安姬罗|艾弗利·布鲁克斯,剧情|犯罪,经典,8.5,1.4009836447627264
1293530,角斗士,美国,雷德利·斯科特,罗素·克劳|杰昆·菲尼克斯|康妮·尼尔森|理查德·哈里斯|杰曼·翰苏,战争|剧情|历史|冒险|动作,经典|励志,8.4,1.37248060369493
1293537,空军一号,德国,沃尔夫冈·彼德森,哈里森·福特|加里·奥德曼|格伦·克洛斯|温迪·古逊|利塞尔·马修斯,战争|剧情|犯罪|惊悚|动作,经典,7.5,1.2971766336493633
1293544,沉默的羔羊,英国,Laurent Bouzereau,Jonathan Demme|Jodie Foster,爱情|剧情|犯罪|惊悚|恐怖|悬疑|冒险,经典|文艺,8.8,1.4617207894066067
1293555,电子情书,美国,诺拉·艾芙隆,汤姆·汉克斯|梅格·瑞恩|凯蒂·萨戈纳|格雷戈·金尼尔|帕克·波西,爱情|喜剧|剧情,经典|文艺,7.8,1.2559095139077552
1293731,忠奸人,美国,迈克·内威尔,阿尔·帕西诺|约翰尼·德普|迈克尔·马德森|布鲁诺·柯比|詹姆斯·拉索,剧情|惊悚|犯罪,经典|黑帮,8.1,1.2372824846042485
1293749,生活多美好,美国,弗兰克·卡普拉,詹姆斯·斯图尔特|唐娜·里德|莱昂纳尔·巴里摩尔|托马斯·米切尔|亨利·崔佛斯,爱情|剧情|奇幻|喜剧,经典|励志,9.2,1.3549278553072703
1293755,驱魔人,美国,威廉·弗莱德金,艾伦·伯斯汀|马克斯·冯·叙多夫|李·科布|琳达·布莱尔|杰森·米勒,惊悚|悬疑|恐怖|剧情,经典,7.6,1.32609839912986
1293764,与狼共舞,美国,Jim|Dutcher,理查德·基利,战争|剧情|历史|冒险|西部,经典,8.9,1.3203622134884003
1293792,异形2,英国,詹姆斯·卡梅隆,西格妮·韦弗|凯莉·赫恩|迈克尔·比恩|保罗·雷瑟|兰斯·亨利克森,剧情|惊悚|恐怖|悬疑|科幻|冒险|动作,经典,7.9,1.3149643683850065
1293799,壮志凌云,美国,托尼·斯科特,汤姆·克鲁斯|凯莉·麦吉利斯|方·基默|安东尼·爱德华兹|蒂姆·罗宾斯,动作|爱情|战争|剧情,经典|励志|青春,7.6,1.229745679435478
1293824,蝴蝶梦,美国,阿尔弗雷德·希区柯克,劳伦斯·奥利弗|琼·芳登|乔治·桑德斯|朱迪丝·安德森|尼格尔·布鲁斯,惊悚|爱情|剧情|悬疑,经典,8.2,1.1527486419155426
1293825,漂亮女人,美国,盖瑞·马歇尔,理查·基尔|朱莉娅·罗伯茨|拉尔夫·贝拉米|杰森·亚历山大|劳拉·圣吉亚科莫,爱情|剧情|喜剧,女性|励志|经典|文艺,7.9,1.3188170147872829
1293838,星球大战,美国,乔治·卢卡斯,哈里森·福特|马克·哈米尔|凯丽·费雪|彼得·库欣|亚历克·吉尼斯,战争|奇幻|科幻|冒险|动作,经典,8.3,1.3730838603804183
1293839,罗马假日,韩国,李德熙,任昌丁|孔炯轸|郑尚勋|姜信日|金正碧,爱情|剧情|犯罪|喜剧|悬疑,搞笑|经典|文艺,6.5,1.4932442606732317
1293908,城市之光,美国,查理·卓别林,查理·卓别林|弗吉尼亚·切瑞尔|佛罗伦斯·李|亨利·伯格曼|珍·哈露,爱情|剧情|喜剧,搞笑|经典,9.2,0.9561425143098967
1293929,廊桥遗梦,美国,克林特·伊斯特伍德,克林特·伊斯特伍德|梅丽尔·斯特里普|安妮·科利|维克多·斯勒扎克|吉姆·海尼,爱情|剧情,女性|感人|经典|文艺,8.6,1.5182945931976708
1293964,魂断蓝桥,美国,茂文·勒鲁瓦,费雯·丽|罗伯特·泰勒|露塞尔·沃特森|弗吉尼亚·菲尔德|玛丽亚·彭斯卡娅,爱情|战争|剧情,感人|经典|文艺,8.8,1.4841549371400964
1294037,未来水世界,美国,凯文·雷诺兹,凯文·科斯特纳|珍妮·特里普里霍恩|蒂娜·米乔里诺|瑞克阿维莱斯,剧情|奇幻|惊悚|科幻|冒险|灾难|动作,经典,7.2,1.3238810393761011
1294183,黑洞频率,美国,格里高利·霍布里特,丹尼斯·奎德|吉姆·卡维泽|肖恩·多伊尔|伊丽莎白·米切尔|诺亚·艾默里奇,剧情|犯罪|惊悚|悬疑|科幻,感人|经典,8.3,1.3047587902079492
1294240,教父3,美国,弗朗西斯·福特·科波拉,阿尔·帕西诺|黛安·基顿|塔莉娅·夏尔|安迪·加西亚|埃里·瓦拉赫,动作|剧情|悬疑|犯罪,经典|黑帮,8.8,1.4552830031170119
1294323,第一滴血,美国,特德·科特切夫,西尔维斯特·史泰龙|理查德·克里纳|布莱恩·丹内利|比尔·麦金尼|杰克·斯塔瑞特,战争|剧情|犯罪|惊悚|冒险|动作,经典,8.1,1.322046006246844
1294362,星球大战前传1：幽灵的威胁,美国,乔治·卢卡斯,连姆·尼森|伊万·麦克格雷格|娜塔莉·波特曼|杰克·洛伊德|伊恩·麦克迪阿梅德,战争|剧情|科幻|冒险|动作,魔幻|经典,8.1,1.3151848236330752
1294371,摩登时代,美国,查理·卓别林,查理·卓别林|宝莲·高黛|亨利·伯格曼|Tiny|Sandford|切斯特·康克林,爱情|剧情|喜剧,搞笑|经典,9.2,0.9352745552637732
1294408,音乐之声,美国,罗伯特·怀斯,朱莉·安德鲁斯|克里斯托弗·普卢默|埃琳诺·帕克|理查德·海顿|佩吉·伍德,爱情|喜剧|剧情|音乐|传记|歌舞,经典|文艺,8.9,1.5150493306727968
1294490,上帝也疯狂2,美国,加美·尤伊斯,历苏,剧情|喜剧,搞笑|经典,8.8,1.1578427961515068
1294621,神秘拼图,美国,菲利普·诺伊斯,丹泽尔·华盛顿|安吉丽娜·朱莉|奎恩·拉提法|迈克尔·鲁克|迈克·麦格隆,犯罪|剧情|惊悚|恐怖|悬疑,经典,7.3,1.2303014023773413
1294639,勇敢的心,美国,梅尔·吉布森,梅尔·吉布森|苏菲·玛索|布莱恩·考克斯|詹姆斯·卡沙莫|辛·劳洛,爱情|战争|剧情|历史|传记|动作,经典|励志,8.8,1.506689370708289
1294766,泰山,美国,Chris|Buck|Kevin|Lima,托尼·戈德温|明妮·德里弗|格伦·克洛斯,爱情|冒险|剧情,经典,7.6,0.9998143575828209
1294829,拜见岳父大人,美国,杰伊·罗奇,罗伯特·德尼罗|本·斯蒂勒|特莉·保罗|布莱思·丹纳|欧文·威尔逊,爱情|喜剧|剧情,搞笑|经典,7.1,1.1651653407468379
1294833,花木兰,美国,巴里·库克|托尼·班克罗夫特,温明娜|艾迪·墨菲|哈维·费斯特恩|米盖尔·弗尔|吴汉章,爱情|战争|剧情|冒险|动作,女性|经典,7.6,1.3139245811417626
1294941,大白鲨,美国,史蒂文·斯皮尔伯格,罗伊·沙伊德尔|罗伯特·肖|理查德·德莱弗斯|洛兰·加里|莫瑞·汉密尔顿,剧情|惊悚|恐怖|悬疑|科幻|冒险|灾难|动作,经典,7.7,1.3207829712227952
1294950,四个婚礼和一个葬礼,英国,迈克·内威尔,休·格兰特|安迪·麦克道威尔|詹姆斯·弗雷特|西蒙·卡洛|约翰·汉纳,爱情|喜剧|剧情,经典|文艺,7.4,1.2973602074877522
1294990,勇敢者的游戏,美国,乔·庄斯顿,罗宾·威廉姆斯|乔纳森·海德|克斯汀·邓斯特|布莱德利·皮尔斯|派翠西娅·克拉克森,剧情|奇幻|喜剧|惊悚|科幻|冒险|动作,魔幻|经典,8.0,1.2026726091011943
1295038,哈利·波特与魔法石,英国,克里斯·哥伦布,丹尼尔·雷德克里夫|艾玛·沃森|鲁伯特·格林特|艾伦·瑞克曼|玛吉·史密斯,科幻|冒险|剧情|奇幻,魔幻|经典|青春,8.8,1.4018300023755224
1295045,天才瑞普利,美国,安东尼·明格拉,马特·达蒙|格温妮斯·帕特洛|裘德·洛|凯特·布兰切特|菲利普·塞默·霍夫曼,剧情|犯罪|惊悚|同性|悬疑,经典,8.2,1.3649155317382409
1295124,辛德勒的名单,美国,史蒂文·斯皮尔伯格,连姆·尼森|本·金斯利|拉尔夫·费因斯|卡罗琳·古多尔|乔纳森·萨加尔,战争|剧情|历史,感人|经典|励志,9.4,1.64369952251035
1295229,木乃伊,美国,杰弗里 奥布罗 (Jeffrey Obrow),洛伊德·波奇纳|Mary Jo Catlett|奥布里·莫里斯,爱情|喜剧|奇幻|剧情|惊悚|恐怖|科幻|冒险|动作,魔幻|经典,6.5,1.3448368685374497
1295253,美国派,美国,克里斯·韦兹|保罗·韦兹,贾森·比格斯|克里斯·克莱因|西恩·威廉·斯科特|托马斯·伊恩·尼古拉斯|艾丽森·汉妮根,爱情|剧情|情色|喜剧,搞笑|经典|青春,7.3,1.2946338584713892
1295280,黑衣人2,美国,巴里·索南菲尔德,威尔·史密斯|汤米·李·琼斯|约翰尼·诺克斯维尔|罗莎里奥·道森|雷普·汤恩,动作|科幻|剧情|喜剧,搞笑|经典,7.5,1.1966314804396934
1295318,大话王,美国,汤姆·沙迪亚克,金·凯瑞|毛拉·蒂尔内|贾斯汀·库珀|加利·艾尔维斯|詹妮弗·提莉,剧情|喜剧|奇幻,搞笑|经典,7.6,1.2210023673975219
1295647,超时空接触,美国,罗伯特·泽米吉斯,朱迪·福斯特|马修·麦康纳|吉娜·马隆|大卫·摩斯|威廉·菲德内尔,科幻|悬疑|剧情,经典,8.3,1.411281939066209
1295686,盗火线,美国,迈克尔·曼,阿尔·帕西诺|罗伯特·德尼罗|方·基默|强·沃特|汤姆·塞兹摩尔,爱情|剧情|犯罪|惊悚|悬疑|动作,经典|黑帮,8.4,1.4329332797518295
1295865,燃情岁月,美国,爱德华·兹威克,安东尼·霍普金斯|布拉德·皮特|朱莉娅·奥蒙德|艾丹·奎因|卡琳娜·隆巴德,爱情|战争|剧情|西部,励志|经典|文艺,8.7,1.5077473017268415
1295872,西北偏北,美国,阿尔弗雷德·希区柯克,加里·格兰特|爱娃·玛丽·森特|詹姆斯·梅森|洁茜·罗伊丝·兰迪斯|里奥|G|卡罗尔,爱情|剧情|犯罪|惊悚|悬疑|动作,经典,8.2,1.3044691529325743
1295965,我最好朋友的婚礼,美国,P·J·霍根,朱莉娅·罗伯茨|德蒙特·莫罗尼|卡梅隆·迪亚兹|鲁伯特·艾弗雷特|菲利普·博斯科,爱情|喜剧|剧情,女性|青春|搞笑|文艺|经典,7.4,0.33714735904132886
1296141,控方证人,英国,艾伦·吉布森,拉尔夫·理查德森|黛博拉·蔻儿|博·布里奇斯|黛安娜·里格|温蒂·希勒,爱情|犯罪|剧情|惊悚|悬疑,经典,9.4,1.2174542423413008
1296157,迷墙,英国,艾伦·帕克,鲍勃·吉尔道夫|Christine Hargreaves|James Laurenson|埃莉诺·戴维|鲍勃·霍斯金斯,音乐|剧情|奇幻,经典|文艺|青春,8.7,1.5274043253764766
1296217,一级恐惧,美国,格里高利·霍布里特,理查·基尔|劳拉·琳妮|约翰·马奥尼|阿尔法·伍达德|弗兰西斯·麦克多蒙德,惊悚|悬疑|犯罪|剧情,经典,8.4,1.3360086968045768
1296339,爱在黎明破晓前,美国,理查德·林克莱特,伊桑·霍克|朱莉·德尔佩|安德莉亚·埃克特|汉诺·波西尔,爱情|剧情,感人|经典|文艺,8.7,1.5013609481482317
1296384,心理游戏,美国,大卫·芬奇,迈克尔·道格拉斯|西恩·潘|黛博拉·卡拉·安格|詹姆斯·瑞布霍恩|卡罗尔·贝克,剧情|惊悚|悬疑|冒险|动作,经典,7.6,1.3337224185524628
1296528,星球大战2：帝国反击战,美国,厄文·克什纳,马克·哈米尔|哈里森·福特|凯丽·费雪|比利·迪·威廉姆斯|安东尼·丹尼尔斯,战争|剧情|科幻|冒险|动作,经典,8.2,1.2849839858967658
1296666,回到未来3,美国,罗伯特·泽米吉斯,迈克尔·J·福克斯|克里斯托弗·洛伊德|玛丽·斯汀伯根|托马斯·F·威尔森|莉·汤普森,剧情|喜剧|科幻|冒险|西部|动作,经典,8.3,1.025658350512027
1296717,夺宝奇兵,美国,史蒂文·斯皮尔伯格,哈里森·福特|凯伦·阿兰|保罗·弗里曼|约翰·瑞斯-戴维斯,剧情|奇幻|科幻|冒险|动作,魔幻|经典,7.8,1.2808544466414031
1296736,钢琴家,德国,罗曼·波兰斯基,艾德里安·布洛迪|托马斯·克莱舒曼|艾米莉娅·福克斯|米哈乌·热布罗夫斯基|埃德·斯托帕德,战争|剧情|音乐|历史|传记,经典,9.0,1.495584375330133
1296753,卡萨布兰卡,美国,迈克尔·柯蒂兹,亨弗莱·鲍嘉|英格丽·褒曼|保罗·亨雷德|克劳德·雷恩斯|康拉德·韦特,爱情|战争|剧情,经典,8.6,1.3954170914020707
1296778,一树梨花压海棠,法国,阿德里安·莱恩,杰瑞米·艾恩斯|梅兰尼·格里菲斯|弗兰克·兰格拉|多米尼克·斯万|苏珊妮·谢泼德,爱情|剧情|情色,经典|文艺,8.1,1.3894683451039729
1296987,安妮·霍尔,美国,伍迪·艾伦,伍迪·艾伦|黛安·基顿|谢莉·杜瓦尔|保罗·西蒙|卡罗尔·凯恩,剧情|爱情|喜剧,经典|文艺,8.6,1.4690850246638034
1296992,洛丽塔,英国,斯坦利·库布里克,詹姆斯·梅森|谢利·温特斯|苏·莱恩|Jerry Stovin|黛安娜·戴克,爱情|剧情|情色,经典|文艺,7.7,1.3161764152959894
1296996,哈利·波特与密室,德国,克里斯·哥伦布,丹尼尔·雷德克里夫|艾玛·沃森|鲁伯特·格林特|汤姆·费尔顿|理查德·格雷弗斯,剧情|奇幻|悬疑|科幻|冒险,魔幻|经典|青春,8.3,1.2912483986450933
1297018,冒牌天神,美国,汤姆·沙迪亚克,金·凯瑞|摩根·弗里曼|詹妮弗·安妮斯顿|菲利普·贝克·霍尔|凯瑟琳·贝尔,爱情|剧情|喜剧|奇幻|科幻,搞笑|经典,7.5,1.2298468590636833
1297102,天生一对,印度,阿迪提亚·乔普拉,沙鲁克·汗|维奈帕·塔克|安努舒卡·莎玛|拉妮·玛克赫吉|卡卓儿,爱情|剧情|喜剧|音乐|歌舞,搞笑|感人|女性|经典,7.8,1.2434743456444375
1297131,圣诞夜惊魂,美国,亨利·塞利克,丹尼·艾夫曼|克里斯·萨兰登|凯瑟琳·欧哈拉|威廉·赫基|格伦·沙迪克斯,惊悚|剧情|歌舞|奇幻,经典,8.2,1.3732045074117007
1297151,星球大战3：绝地归来,美国,理查德·马昆德,马克·哈米尔|哈里森·福特|安东尼·丹尼尔斯|凯丽·费雪|比利·迪·威廉姆斯,战争|剧情|奇幻|科幻|冒险|动作,经典,8.3,1.3282138251561038
1297192,致命ID,美国,詹姆斯·曼高德,约翰·库萨克|雷·利奥塔|阿曼达·皮特|阿尔弗雷德·莫里纳|克里·杜瓦尔,剧情|犯罪|惊悚|恐怖|悬疑|动作,经典,8.7,1.4214870341579442
1297294,迷魂记,美国,阿尔弗雷德·希区柯克,詹姆斯·斯图尔特|金·诺瓦克|芭芭拉·贝尔·戈迪斯|汤姆·赫尔莫,爱情|犯罪|剧情|惊悚|悬疑,经典,8.5,1.3881935740190177
1297478,上帝也疯狂,美国,加美·尤伊斯,Marius|Weyers|历苏,剧情|喜剧,搞笑|经典,8.6,1.4680538928616482
1297544,国家公敌,美国,托尼·斯科特,威尔·史密斯|吉恩·哈克曼|强·沃特|莉莎·博内特|雷吉娜·金,剧情|犯罪|惊悚|悬疑|科幻|动作,经典,8.1,1.147829046825932
1297630,第六感,美国,M·奈特·沙马兰,布鲁斯·威利斯|海利·乔·奥斯蒙|托妮·科莱特|奥莉维亚·威廉姆斯|唐尼·沃尔伯格,惊悚|悬疑|恐怖|剧情,感人|经典,8.8,1.4734201959822433
1297689,少数派报告,美国,史蒂文·斯皮尔伯格,汤姆·克鲁斯|科林·法瑞尔|马克斯·冯·叙多夫|萨曼莎·莫顿|凯瑟琳·莫里斯,犯罪|剧情|惊悚|悬疑|科幻|动作,经典,7.7,1.2433796520792852
1297785,星球大战前传2：克隆人的进攻,美国,乔治·卢卡斯,伊万·麦克格雷格|娜塔莉·波特曼|海登·克里斯滕森|克里斯托弗·李|塞缪尔·杰克逊,爱情|战争|剧情|奇幻|科幻|冒险|动作,经典,7.8,1.2493091899367694
1297929,异形3,美国,大卫·芬奇,西格妮·韦弗|查尔斯·达顿|查尔斯·丹斯|保尔·麦克盖恩|布莱恩·格洛弗,剧情|惊悚|恐怖|悬疑|科幻|冒险|动作,经典,7.0,1.19981361153425
1297965,窈窕淑女,美国,乔治·库克,奥黛丽·赫本|雷克斯·哈里森|斯坦利·霍洛威|杰瑞米·布雷特|维尔弗雷德·海德-怀特,爱情|剧情|喜剧|音乐|歌舞,经典,8.0,1.2491952265436597
1298038,诺丁山,英国,罗杰·米歇尔,朱莉娅·罗伯茨|休·格兰特|瑞斯·伊凡斯|詹姆斯·德雷福斯|艾米莉·莫迪默,爱情|喜剧|剧情,经典|文艺,7.9,1.3804221580508518
1298070,加勒比海盗,美国,戈尔·维宾斯基,约翰尼·德普|杰弗里·拉什|奥兰多·布鲁姆|凯拉·奈特莉|杰克·达文波特,爱情|喜剧|奇幻|剧情|科幻|冒险|动作,搞笑|魔幻|经典,8.6,1.4314584545500852
1298128,西雅图未眠夜,美国,诺拉·艾芙隆,汤姆·汉克斯|梅格·瑞恩|罗斯·马林格|丽塔·威尔逊|维克多·加博,爱情|剧情|喜剧,感人|经典,7.9,1.305316716025833
1298189,极速60秒,美国,多米尼克·塞纳,尼古拉斯·凯奇|吉奥瓦尼·瑞比西|安吉丽娜·朱莉|威廉姆·李·斯科特|斯科特·凯恩,剧情|犯罪|惊悚|冒险|动作,经典,7.3,1.2017987490844428
1298525,碟中谍2,德国,吴宇森,汤姆·克鲁斯|多格雷·斯科特|坦迪·牛顿|文·瑞姆斯|理查德·劳斯伯格,犯罪|剧情|惊悚|悬疑|冒险|动作,经典,7.0,1.222383902992549
1298586,木乃伊归来,美国,斯蒂芬·索莫斯,布兰登·费舍|蕾切尔·薇兹|道恩·强森|约翰·汉纳|帕翠西娅·维拉奎兹,剧情|奇幻|惊悚|恐怖|科幻|冒险|动作,魔幻|经典,7.4,1.2724663593755192
1298624,闻香识女人,美国,马丁·布莱斯,阿尔·帕西诺|克里斯·奥唐纳|詹姆斯·瑞布霍恩|加布里埃尔·安瓦尔|菲利普·塞默·霍夫曼,爱情|剧情,感人|经典|励志|文艺,8.9,1.464692841203324
1298653,荒岛余生,美国,罗伯特·泽米吉斯,汤姆·汉克斯|海伦·亨特|克里斯·诺斯|尼克·西塞,爱情|剧情|喜剧|冒险|灾难,经典|励志,8.5,1.3689631661867083
1298744,十二猴子,美国,特瑞·吉列姆,布鲁斯·威利斯|布拉德·皮特|大卫·摩斯|克里斯托弗·普卢默|乔恩·塞达,科幻|惊悚|悬疑|剧情,经典,8.1,1.34599987968923
1298759,狗镇,丹麦,拉斯·冯·提尔,妮可·基德曼|哈里特·安德森|劳伦·白考尔|保罗·贝坦尼|詹姆斯·肯恩,惊悚|悬疑|剧情|犯罪,经典,8.4,1.556805579227468
1298909,魔鬼代言人,德国,泰勒·海克福德,基努·里维斯|阿尔·帕西诺|查理兹·塞隆|杰弗瑞·琼斯|朱迪思·爱薇,剧情|犯罪|奇幻|惊悚|悬疑,魔幻|经典,8.2,1.3457814902683372
1299080,后窗,美国,阿尔弗雷德·希区柯克,詹姆斯·斯图尔特|格蕾丝·凯利|温戴尔·柯瑞|瑟尔玛·瑞特|雷蒙德·布尔,惊悚|悬疑|犯罪,经典,8.5,1.3718984157574836
1299092,回到未来2,美国,罗伯特·泽米吉斯,迈克尔·J·福克斯|克里斯托弗·洛伊德|莉·汤普森|托马斯·F·威尔森|伊丽莎白·苏,剧情|喜剧|科幻|冒险|动作,搞笑|经典,8.3,1.1292269965914865
1299131,教父2,美国,弗朗西斯·福特·科波拉,阿尔·帕西诺|罗伯特·杜瓦尔|黛安·基顿|罗伯特·德尼罗|约翰·凯泽尔,剧情|动作|犯罪,经典|黑帮|励志,9.1,1.499072394887178
1299153,异形4,法国,让-皮埃尔·热内,西格妮·韦弗|薇诺娜·瑞德|多米尼克·皮侬|朗·普尔曼|加里·杜尔丹,剧情|惊悚|恐怖|悬疑|科幻|动作,经典,7.6,1.2549838520212613
1299193,理智与情感,英国,李安,艾玛·汤普森|凯特·温丝莱特|休·格兰特|艾伦·瑞克曼|汤姆·威尔金森,爱情|剧情,经典|文艺,8.3,1.2541115765333573
1299327,夜访吸血鬼,美国,尼尔·乔丹,布拉德·皮特|汤姆·克鲁斯|克斯汀·邓斯特|克里斯蒂安·史莱特|坦迪·牛顿,爱情|剧情|奇幻|惊悚|恐怖,魔幻|经典,8.3,1.384900303521421
1299362,保镖,印度,Siddique,阿辛,爱情|犯罪|剧情|喜剧|音乐|动作|歌舞,搞笑|经典,7.1,1.2403522979702692
1299383,最后的武士,日本,爱德华·兹威克,汤姆·克鲁斯|渡边谦|蒂莫西·斯波|比利·康诺利|托尼·戈德温,战争|剧情|历史|冒险|动作,经典|励志,7.8,1.3159222332699194
1299603,落水狗,美国,昆汀·塔伦蒂诺,哈威·凯特尔|蒂姆·罗斯|迈克尔·马德森|克里斯·潘|史蒂夫·布西密,惊悚|悬疑|剧情|犯罪,经典|黑帮,8.3,1.312631576893414
1299769,第六感生死缘,美国,马丁·布莱斯,布拉德·皮特|安东尼·霍普金斯|克莱尔·弗兰妮|杰克·韦伯|马西娅·盖伊·哈登,爱情|悬疑|剧情|奇幻,经典,7.8,1.316375037276912
1299837,虎胆龙威3,美国,约翰·麦克蒂尔南,布鲁斯·威利斯|杰瑞米·艾恩斯|塞缪尔·杰克逊|格雷厄姆·格林|考林·加普,动作|剧情|惊悚|犯罪,经典,7.8,1.076205429255986
1299981,惊声尖笑,美国,基伦·埃弗瑞·韦恩斯,安娜·法瑞丝|乔·阿布拉汉姆斯|马龙·韦恩斯|戴夫·谢里登|莎诺·伊丽莎白,剧情|喜剧|惊悚|恐怖|悬疑,搞笑|经典|青春,6.9,1.3824009204369825
1300055,全金属外壳,英国,斯坦利·库布里克,亚当·鲍德温|马修·莫迪恩|文森特·多诺费奥|李·厄米,战争|剧情|历史,经典,8.5,1.3733998595636518
1300069,偷天陷阱,德国,乔恩·阿米尔,肖恩·康纳利|凯瑟琳·泽塔-琼斯|文·瑞姆斯|威尔·帕顿|莫里·柴金,爱情|剧情|犯罪|惊悚|悬疑|动作,经典,7.7,1.1978134467818997
1300117,千钧一发,美国,安德鲁·尼科尔,伊桑·霍克|乌玛·瑟曼|裘德·洛|艾伦·阿金|戈尔·维达尔,爱情|剧情|惊悚|悬疑|科幻,感人|经典|励志,8.7,1.4636703273168008
1300220,莎翁情史,英国,约翰·马登,约瑟夫·费因斯|格温妮斯·帕特洛|杰弗里·拉什|朱迪·丹奇|汤姆·威尔金森,爱情|传记|剧情|喜剧,经典|文艺,7.3,1.2940098864574952
1300267,乱世佳人,美国,维克多·弗莱明|乔治·库克|山姆·伍德,费雯·丽|克拉克·盖博|奥利维娅·德哈维兰|托马斯·米切尔|芭芭拉·欧内尔,爱情|战争|剧情|历史,女性|励志|经典|文艺,9.2,1.5726866637403958
1300282,异次元骇客,德国,约瑟夫·鲁斯纳克,克雷格·比尔克|阿明·缪勒-斯塔尔|格瑞辰·摩尔|文森特·多诺费奥|丹尼斯·海斯伯特,爱情|剧情|奇幻|惊悚|悬疑|科幻,经典,8.3,1.3380251862437462
1300300,死神来了,加拿大,黄毅瑜,戴文·萨瓦|艾丽·拉特|科尔·史密斯|克里森·克拉克|丹尼尔·洛巴克,剧情|惊悚|恐怖|悬疑|科幻|灾难,经典,7.7,1.3087389658290258
1300303,我是谁,中国香港,陈木胜|成龙,成龙|法拉美穗|山本未来|罗恩·斯梅尔扎克|艾德·尼尔森,剧情|犯罪|喜剧|科幻|冒险|动作,搞笑|经典,7.3,1.193655505248098
1300374,绿里奇迹,美国,弗兰克·德拉邦特,汤姆·汉克斯|大卫·摩斯|迈克·克拉克·邓肯|邦尼·亨特|詹姆斯·克伦威尔,剧情|犯罪|奇幻|悬疑|科幻,感人|经典,8.7,1.4419659821090594
1300537,虎胆龙威2,美国,雷尼·哈林,布鲁斯·威利斯|邦妮·比蒂丽娅|威廉·阿瑟东|雷金纳德·维尔约翰逊|弗兰科·内罗,动作|剧情|惊悚|犯罪,经典,7.7,1.148912529307606
1300555,回到未来,美国,罗伯特·泽米吉斯,迈克尔·J·福克斯|克里斯托弗·洛伊德|莉·汤普森|克里斯平·格洛弗|托马斯·F·威尔森,剧情|奇幻|喜剧|科幻|冒险,经典,8.5,1.1737005430133103
1300613,土拨鼠之日,美国,哈罗德·雷米斯,比尔·默瑞|安迪·麦克道威尔|克里斯·艾略特|斯蒂芬·托布罗斯基|布赖恩·道尔,爱情|剧情|奇幻|喜剧|科幻,搞笑|经典|励志,8.5,1.379792061226184
1300618,空中监狱,美国,西蒙·韦斯特,尼古拉斯·凯奇|约翰·库萨克|约翰·马尔科维奇|文·瑞姆斯|科尔姆·米尼,动作|惊悚|犯罪|剧情,经典,8.1,1.345236108888623
1300656,终结者,英国,詹姆斯·卡梅隆,阿诺·施瓦辛格|迈克尔·比恩|琳达·汉密尔顿,动作|惊悚|科幻|剧情,经典,8.0,1.285633606557357
1300685,克莱默夫妇,美国,罗伯特·本顿,达斯汀·霍夫曼|梅丽尔·斯特里普|简·亚历山大|贾斯汀·亨利|霍华德·达夫,爱情|剧情,经典,8.5,1.1188040944341429
1300868,异形,英国,雷德利·斯科特,西格妮·韦弗|汤姆·斯凯里特|维罗尼卡·卡维特|哈利·戴恩·斯坦通|约翰·赫特,剧情|惊悚|恐怖|悬疑|科幻|灾难|动作,经典,8.0,1.3613435891713765
1300945,云中漫步,美国,阿方索·阿雷奥,基努·里维斯|艾塔娜·桑切斯-希洪|安东尼·奎恩|吉安卡罗·吉安尼尼,爱情|剧情,经典|文艺,7.8,1.2505351929444894
1300960,碧海蓝天,意大利,吕克·贝松,让-马克·巴尔|让·雷诺|罗姗娜·阿奎特|保罗·希纳尔|赛尔乔·卡斯特利托,爱情|剧情,经典|文艺,8.7,1.4890624217398167
1300992,完美的世界,美国,克林特·伊斯特伍德,凯文·科斯特纳|劳拉·邓恩|克林特·伊斯特伍德|T·J·劳瑟|基斯·斯扎拉巴基克,惊悚|剧情|犯罪,感人|经典,9.0,1.5003503776866671
1301061,纽约黑帮,意大利,马丁·斯科塞斯,莱昂纳多·迪卡普里奥|丹尼尔·戴-刘易斯|卡梅隆·迪亚兹|吉姆·布劳德本特|约翰·C·赖利,动作|剧情|犯罪|历史,经典|黑帮,7.4,1.3072586749842594
1301168,卧虎藏龙,中国台湾,李安,周润发|杨紫琼|章子怡|张震|郎雄,动作|爱情|武侠|剧情,经典,8.0,1.4343578635908467
1301171,偷拐抢骗,美国,盖·里奇,布拉德·皮特|本尼西奥·德尔·托罗|杰森·斯坦森|丹尼斯·法里纳|维尼·琼斯,剧情|喜剧|犯罪,搞笑|经典|黑帮,8.5,1.3754627979228171
1301345,偷天换日,美国,F·加里·格雷,马克·沃尔伯格|查理兹·塞隆|爱德华·诺顿|唐纳德·萨瑟兰|杰森·斯坦森,剧情|犯罪|惊悚|悬疑|动作,经典,7.5,1.2265695967907326
1301445,黑衣人,美国,巴里·索南菲尔德,威尔·史密斯|汤米·李·琼斯|琳达·费奥伦蒂诺|文森特·多诺费奥|雷普·汤恩,剧情|奇幻|喜剧|科幻|动作,搞笑|经典,8.0,1.2590940676513662
1301459,小岛惊魂,西班牙,亚历杭德罗·阿梅纳瓦尔,妮可·基德曼|菲奥纽拉·弗拉纳根|克里斯托弗·埃克莱斯顿|阿拉济纳·曼恩|詹姆斯·本特利,惊悚|悬疑|恐怖|剧情,经典,8.0,1.3248329073306722
1301509,修女也疯狂,美国,埃米利·阿朵里诺,乌比·戈德堡|玛吉·史密斯|凯茜·纳基麦|温迪·麦凯纳|哈威·凯特尔,剧情|犯罪|喜剧|音乐|歌舞,搞笑|经典|励志,8.0,1.2010029253735628
1301578,十一罗汉,美国,刘易斯·迈尔斯通,弗兰克·辛纳特拉|雪莉·麦克雷恩|安吉·迪金森|迪恩·马丁|小萨米·戴维斯,爱情|犯罪|剧情|喜剧|惊悚|音乐|悬疑|冒险|动作,搞笑|经典,7.9,1.2240916182684605
1301617,不一样的天空,美国,拉斯·霍尔斯道姆,约翰尼·德普|莱昂纳多·迪卡普里奥|朱丽叶特·刘易斯|玛丽·斯汀伯根|达尔莱尼·凯茨,爱情|剧情,感人|励志|青春|文艺|经典,8.6,1.4366837335948157
1301715,美国精神病人,美国,玛丽·哈伦,克里斯蒂安·贝尔|贾斯汀·塞洛克斯|乔什·卢卡斯|比尔·萨奇|科洛·塞维尼,剧情|犯罪|惊悚|恐怖|悬疑,经典,7.7,1.2727104471863595
1301726,兵临城下,爱尔兰,让-雅克·阿诺,裘德·洛|艾德·哈里斯|蕾切尔·薇兹|约瑟夫·费因斯|鲍勃·霍斯金斯,爱情|战争|剧情|历史|动作,经典,8.4,1.3473838190853074
1301746,汉尼拔,英国,雷德利·斯科特,安东尼·霍普金斯|朱丽安·摩尔|加里·奥德曼|雷·利奥塔|吉安卡罗·吉安尼尼,剧情|犯罪|惊悚|恐怖|悬疑,经典,8.1,1.3308838461598935
1301753,狮子王,美国,罗杰·阿勒斯|罗伯·明可夫,乔纳森·泰勒·托马斯|马修·布罗德里克|杰瑞米·艾恩斯|詹姆斯·厄尔·琼斯|莫伊拉·凯利,剧情|喜剧|音乐|冒险|歌舞,感人|经典|励志,8.9,1.4638450292470255
1301886,居家男人,美国,布莱特·拉特纳,尼古拉斯·凯奇|蒂娅·里欧妮|唐·钱德尔|杰里米·皮文|绍尔·鲁宾内克,爱情|剧情|喜剧|奇幻|科幻,经典,8.0,1.25797979070506
1301890,浓情巧克力,法国,拉斯·霍尔斯道姆,约翰尼·德普|朱丽叶·比诺什|阿尔弗雷德·莫里纳|凯瑞-安·莫斯|盖南·科内尔,爱情|剧情,经典|文艺,8.0,1.2994858539002536
1302303,原罪,法国,迈克尔·克里斯托弗,安东尼奥·班德拉斯|安吉丽娜·朱莉|托马斯·简|杰克·汤普森|Allison Mackie,爱情|剧情|犯罪|悬疑|情色,经典,7.4,1.2321284031055744
1302467,黑客帝国3：矩阵革命,澳大利亚,莉莉·沃卓斯基|拉娜·沃卓斯基,基努·里维斯|劳伦斯·菲什伯恩|凯瑞-安·莫斯|莫妮卡·贝鲁奇|凯特·宾汉,科幻|动作|剧情,经典,8.5,1.4553476768915639
1302827,人工智能,美国,史蒂文·斯皮尔伯格,海利·乔·奥斯蒙|弗兰西丝·奥康纳|山姆·洛巴兹|杰克·托马斯|裘德·洛,科幻|冒险|剧情,感人|经典,8.6,1.4399252615150633
1302987,珍珠港,美国,Christine Jameson Henry,Bob Ballard|Carl Carson,爱情|战争|剧情|历史|灾难|动作,经典,8.5,1.3428904392498056
1303010,蒙娜丽莎的微笑,美国,迈克·内威尔,朱莉娅·罗伯茨|克斯汀·邓斯特|朱丽娅·斯蒂尔斯|玛吉·吉伦哈尔|金妮弗·古德温,爱情|剧情,女性|励志|青春|文艺|经典,7.7,1.243960961370493
1303037,喜宴,美国,李安,赵文瑄|郎雄|归亚蕾|金素梅|米切尔·利希藤斯坦,爱情|喜剧|剧情|同性,经典,8.8,1.4872090417936252
1303246,狙击电话亭,美国,乔·舒马赫,科林·法瑞尔|基弗·萨瑟兰|福里斯特·惠特克|拉达·米切尔|凯蒂·霍尔姆斯,犯罪|剧情|惊悚|悬疑|动作,经典,7.9,1.326629233513989
1304056,茜茜公主,意大利,克萨韦·施瓦岑贝格尔,克里斯蒂安娜·卡波通蒂|大卫·罗特|马蒂娜·格德克|弗里茨·卡尔|莉西亚·玛格丽塔,爱情|战争|剧情|喜剧|历史|传记,经典|文艺,8.4,1.3383509949112522
1304102,谍影重重,德国,道格·里曼,马特·达蒙|弗朗卡·波滕特|克里斯·库珀|克里夫·欧文|朱丽娅·斯蒂尔斯,剧情|犯罪|惊悚|悬疑|冒险|动作,经典,8.5,1.365474877136564
1304141,黑客帝国2：重装上阵,澳大利亚,莉莉·沃卓斯基|拉娜·沃卓斯基,基努·里维斯|凯瑞-安·莫斯|劳伦斯·菲什伯恩|雨果·维文|莫妮卡·贝鲁奇,科幻|动作|剧情,经典,8.4,1.358642751542931
1304338,决战猩球,美国,J·李·汤普森,罗迪·麦克道尔|克劳德·艾金斯|纳塔丽·特伦黛,战争|剧情|惊悚|科幻|冒险|动作,经典,6.4,1.260934777351927
1304447,记忆碎片,美国,克里斯托弗·诺兰,盖·皮尔斯|凯瑞-安·莫斯|乔·潘托里亚诺|小马克·布恩|拉什·费加,爱情|剧情|犯罪|惊悚|悬疑|科幻|动作,经典,8.5,1.5089142863206026
1304485,穿越时空爱上你,美国,詹姆斯·曼高德,梅格·瑞恩|休·杰克曼|列维·施瑞博尔|布瑞金·梅耶|娜塔莎·雷昂,爱情|剧情|喜剧|奇幻|科幻,经典,7.4,1.2184961485154504
1304585,BJ单身日记,爱尔兰,莎伦·马奎尔,蕾妮·齐薇格|科林·费尔斯|休·格兰特|吉姆·布劳德本特|雪莉·亨德森,爱情|喜剧|剧情,搞笑|女性|经典,7.5,1.2736863306626796
1304608,剑鱼行动,澳大利亚,多米尼克·塞纳,约翰·特拉沃尔塔|休·杰克曼|哈莉·贝瑞|唐·钱德尔|维尼·琼斯,剧情|犯罪|惊悚|悬疑|动作,经典,7.4,1.2300152280244678
1304641,红磨坊,澳大利亚,巴兹·鲁赫曼,妮可·基德曼|伊万·麦克格雷格|约翰·雷吉扎莫|吉姆·布劳德本特|理查德·劳斯伯格,爱情|剧情|喜剧|音乐|歌舞,女性|感人|经典|文艺,7.9,1.351297283622832
1304643,侏罗纪公园3,美国,乔·庄斯顿,山姆·尼尔|威廉姆·H·梅西|蒂娅·里欧妮|亚历桑德罗·尼沃拉|特拉沃·摩根,剧情|惊悚|恐怖|科幻|冒险|灾难|动作,经典,7.0,1.2579813529152406
1304854,律政俏佳人,美国,罗伯特·路克蒂克,瑞茜·威瑟斯彭|卢克·威尔逊|塞尔玛·布莱尔|马修·戴维斯|维克多·加博,爱情|剧情|喜剧,女性|励志|青春|搞笑|经典,7.2,1.3370622857652301
1304898,训练日,澳大利亚,安东尼·福奎阿,丹泽尔·华盛顿|伊桑·霍克|斯科特·格伦|汤姆·贝伦杰|哈里斯·于林,犯罪|剧情|惊悚|悬疑|动作,经典|黑帮,7.9,1.242666510255389
1304899,速度与激情,美国,罗伯·科恩,范·迪塞尔|保罗·沃克|乔丹娜·布鲁斯特|米歇尔·罗德里格兹|尹成植,动作|冒险|犯罪|剧情,经典,7.6,1.222341550136245
1305053,红龙,德国,布莱特·拉特纳,安东尼·霍普金斯|爱德华·诺顿|拉尔夫·费因斯|哈威·凯特尔|艾米丽·沃森,剧情|犯罪|惊悚|恐怖|悬疑,经典,7.7,1.2409102097593623
1305065,公主日记,美国,盖瑞·马歇尔,安妮·海瑟薇|朱莉·安德鲁斯|赫克托·埃里仲杜|希瑟·玛塔拉佐|曼迪·摩尔,剧情|爱情|喜剧,搞笑|经典|励志|青春,7.5,1.2328676835743184
1305164,甜蜜蜜,中国香港,陈可辛,黎明|张曼玉|杨恭如|曾志伟|杜可风,爱情|音乐|剧情,女性|感人|经典|文艺,8.8,1.5480817995931353
1305306,心慌方2：超立方体,加拿大,安德列·塞库拉,卡瑞·玛切特|格兰特·维恩·戴维斯|Matthew Ferguson,剧情|惊悚|恐怖|悬疑|科幻,经典,6.7,1.2850007634643474
1305333,终结者3,德国,乔纳森·莫斯托,阿诺·施瓦辛格|尼克·斯塔尔|克莱尔·丹妮丝|克里斯塔娜·洛肯,科幻|惊悚|动作|剧情,经典,7.1,1.2026386913405438
1305487,猫鼠游戏,加拿大,史蒂文·斯皮尔伯格,莱昂纳多·迪卡普里奥|汤姆·汉克斯|克里斯托弗·沃肯|马丁·辛|艾米·亚当斯,犯罪|剧情|喜剧|悬疑|传记,经典,8.8,1.3554439142204395
1305541,缘分天注定,美国,彼德·切尔瑟姆,约翰·库萨克|凯特·贝金赛尔|布丽姬·穆娜|杰里米·皮文|尤金·列维,爱情|剧情|喜剧|奇幻,经典|文艺,7.5,1.3216403739714564
1305666,时时刻刻,英国,史蒂芬·戴德利,梅丽尔·斯特里普|朱丽安·摩尔|妮可·基德曼|艾德·哈里斯|托妮·科莱特,传记|剧情,女性|经典|文艺,8.5,1.4739945627472624
1305725,大卫·戈尔的一生,德国,艾伦·帕克,凯文·史派西|凯特·温丝莱特|劳拉·琳妮|加布里埃尔·曼|梅丽莎·麦卡西,惊悚|悬疑|犯罪|剧情,经典,8.6,1.462372326916283
1305903,心慌方,加拿大,文森佐·纳塔利,妮可·德波儿|Nicky Guadagni|大卫·休莱特|安德鲁·米勒|毛里斯·迪恩·温特,剧情|犯罪|惊悚|恐怖|悬疑|科幻,经典,7.9,1.3346536915204208
1306029,美丽心灵,美国,朗·霍华德,罗素·克劳|艾德·哈里斯|詹妮弗·康纳利|克里斯托弗·普卢默|保罗·贝坦尼,传记|悬疑|爱情|剧情,感人|经典|励志|文艺,8.9,1.4741227547408402
1306154,罗密欧与朱丽叶,意大利,佛朗哥·泽菲雷里,莱昂纳德·怀廷|奥丽维娅·赫西|约翰·麦克埃尼|米罗·奥西|帕特·海伍德,爱情|剧情|犯罪|音乐|历史|歌舞,感人|经典|文艺|青春,8.7,1.2889429740970773
1306421,惊变28天,英国,丹尼·博伊尔,基里安·墨菲|娜奥米·哈里斯|克里斯托弗·埃克莱斯顿|梅根·伯恩斯|布莱丹·格里森,剧情|惊悚|恐怖|悬疑|科幻|灾难,经典,7.1,1.2788784658683534
1306607,K星异客,德国,伊恩·索夫特雷,凯文·史派西|杰夫·布里吉斯|玛丽·麦克科马克|阿尔法·伍达德|大卫·帕特里克·凯利,科幻|悬疑|剧情|奇幻,经典,8.5,1.4603175813476466
1306662,死亡幻觉,美国,理查德·凯利,杰克·吉伦哈尔|霍尔姆斯·奥斯本|玛吉·吉伦哈尔|黛维·切斯|玛丽·麦克唐纳,剧情|奇幻|惊悚|恐怖|悬疑|科幻,经典|青春,7.3,1.3891491554345674
1306737,极限特工,美国,罗伯·科恩,范·迪塞尔|艾莎·阿基多|马尔顿·索克斯|塞缪尔·杰克逊|Michael|Roof,动作|冒险|剧情|犯罪,经典,7.3,1.276579089875188
1306939,推手,中国台湾,李安,郎雄|王莱|王伯昭|戴布·斯内德|李涵,剧情,经典,8.4,1.323642773790578
1307332,冷山,美国,安东尼·明格拉,裘德·洛|妮可·基德曼|蕾妮·齐薇格|菲利普·塞默·霍夫曼|娜塔莉·波特曼,爱情|战争|剧情,经典|文艺,8.1,1.2728019680474245
1307389,憨豆特工,美国,彼得·休伊特,罗温·艾金森|约翰·马尔科维奇|娜塔莉·安博莉亚,犯罪|剧情|喜剧|冒险|动作,搞笑|经典,7.5,1.2358434231971966
1307442,速度与激情2,德国,约翰·辛格顿,保罗·沃克|泰瑞斯·吉布森|伊娃·门德斯|科尔·豪瑟|卢达克里斯,剧情|犯罪|惊悚|冒险|动作,经典,7.1,1.2017429704010192
1307542,火柴人,美国,雷德利·斯科特,尼古拉斯·凯奇|山姆·洛克威尔|艾莉森·洛曼|布鲁斯·奥尔特曼,剧情|悬疑|喜剧|犯罪,经典,8.1,1.2567716868654148
1307697,芝加哥,德国,罗伯·马歇尔,蕾妮·齐薇格|凯瑟琳·泽塔-琼斯|理查·基尔|奎恩·拉提法|约翰·C·赖利,剧情|喜剧|犯罪|音乐|歌舞,经典,8.6,1.4359055493182595
1308751,特洛伊,英国,沃尔夫冈·彼德森,布拉德·皮特|黛安·克鲁格|奥兰多·布鲁姆|朱利安·格洛弗|布莱恩·考克斯,爱情|战争|剧情|历史|动作,经典,7.4,1.252041199419781
1308767,谍影重重2,德国,保罗·格林格拉斯,马特·达蒙|弗朗卡·波滕特|布莱恩·考克斯|朱丽娅·斯蒂尔斯|卡尔·厄本,剧情|犯罪|惊悚|悬疑|冒险|动作,经典,8.6,1.3401431674538296
1308779,后天,美国,罗兰·艾默里奇,丹尼斯·奎德|杰克·吉伦哈尔|埃米·罗森|达什·米霍克|杰伊·桑德斯,剧情|科幻|冒险|灾难|动作,经典,8.0,1.3482077409111408
1308843,我，机器人,德国,亚历克斯·普罗亚斯,威尔·史密斯|布丽姬·穆娜|艾伦·图代克|布鲁斯·格林伍德|齐·麦克布赖德,剧情|惊悚|悬疑|科幻|动作,经典,8.0,1.3169646745777552
1308848,国家宝藏,美国,乔·德特杜巴,尼古拉斯·凯奇|黛安·克鲁格|贾斯汀·巴萨|肖恩·宾|强·沃特,剧情|惊悚|悬疑|冒险|动作,经典,7.6,1.221570471591212
1309016,百万美元宝贝,美国,克林特·伊斯特伍德,克林特·伊斯特伍德|希拉里·斯万克|摩根·弗里曼|杰伊·巴鲁切尔|麦克·柯尔特,动作|剧情,感人|女性|经典|励志,8.5,1.3927503726638406
1309020,全民情敌,美国,安迪·坦纳特,威尔·史密斯|伊娃·门德斯|凯文·詹姆斯|安贝·瓦莱塔|朱莉·安·埃默里,爱情|剧情|喜剧,搞笑|经典,7.5,1.2400553386315087
1309043,金刚,德国,彼得·杰克逊,娜奥米·沃茨|杰克·布莱克|艾德里安·布洛迪|托马斯·克莱舒曼|科林·汉克斯,爱情|剧情|奇幻|惊悚|恐怖|科幻|冒险|动作,感人|魔幻|经典,7.8,1.3559880771434332
1309046,V字仇杀队,德国,詹姆斯·麦克特格,娜塔莉·波特曼|雨果·维文|斯蒂芬·瑞|斯蒂芬·弗雷|约翰·赫特,犯罪|剧情|惊悚|悬疑|科幻|动作,经典,8.8,1.541716454209787
1309055,哈利·波特与火焰杯,英国,迈克·内威尔,丹尼尔·雷德克里夫|艾玛·沃森|鲁伯特·格林特|蒂莫西·斯波|邦妮·怀特,剧情|奇幻|悬疑|科幻|冒险,魔幻|经典|青春,8.1,1.297924733803932
1309060,僵尸新娘,英国,蒂姆·波顿|迈克·约翰逊,约翰尼·德普|海伦娜·伯翰·卡特|艾米丽·沃森|崔茜·尤玛|保罗·怀特豪斯,爱情|剧情|奇幻|喜剧|惊悚|音乐,感人|魔幻|经典,8.2,1.3544810699048504
1309064,八面埋伏,英国,雷尼·哈林,艾恩·贝利|小克利夫顿·克林斯|威尔·坎普|方·基默|约翰尼·李·米勒,剧情|犯罪|惊悚|恐怖|悬疑|动作,经典,7.5,1.199770461928882
1309069,蝙蝠侠：侠影之谜,英国,克里斯托弗·诺兰,克里斯蒂安·贝尔|迈克尔·凯恩|连姆·尼森|凯蒂·霍尔姆斯|加里·奥德曼,剧情|犯罪|惊悚|悬疑|科幻|动作,经典,8.3,1.3077635078334269
1309070,飞行家,德国,马丁·斯科塞斯,莱昂纳多·迪卡普里奥|凯特·布兰切特|凯特·贝金赛尔|约翰·C·赖利|亚历克·鲍德温,传记|剧情,经典|励志,7.9,1.2903230274517232
1309071,天国王朝,英国,雷德利·斯科特,奥兰多·布鲁姆|伊娃·格林|爱德华·诺顿|连姆·尼森|麦克·辛,动作|战争|剧情|历史,经典,8.3,1.3762450582216732
1309078,星球大战前传3：西斯的复仇,美国,乔治·卢卡斯,伊万·麦克格雷格|娜塔莉·波特曼|海登·克里斯滕森|伊恩·麦克迪阿梅德|塞缪尔·杰克逊,战争|剧情|奇幻|科幻|冒险|动作,经典,8.2,1.3759275750305044
1309116,怒火救援,英国,托尼·斯科特,丹泽尔·华盛顿|达科塔·范宁|拉达·米切尔|马克·安东尼|克里斯托弗·沃肯,动作|惊悚|犯罪|剧情,感人|经典,8.1,1.377803811254307
1309160,机械师,西班牙,布拉德·安德森,克里斯蒂安·贝尔|詹妮弗·杰森·李|艾塔娜·桑切斯-希洪|约翰·沙拉恩|迈克尔·艾恩塞德,剧情|犯罪|惊悚|恐怖|悬疑|科幻|动作,经典|文艺,7.5,1.2824298096223405
1309163,恋恋笔记本,美国,尼克·卡萨维茨,瑞恩·高斯林|瑞秋·麦克亚当斯|吉娜·罗兰兹|詹姆斯·加纳|斯塔尔勒塔·杜波利斯,爱情|剧情,感人|经典|文艺|青春,8.5,1.452606001462753
1309172,初恋50次,美国,彼得·西格尔,亚当·桑德勒|德鲁·巴里摩尔|罗伯·施奈德|西恩·奥斯汀|卢西亚·斯杜斯 ,剧情|爱情|喜剧,搞笑|感人|经典,7.9,1.2778255208401879
1309199,史密斯夫妇,美国,阿尔弗雷德·希区柯克,卡洛·朗白|罗伯特·蒙哥马利,爱情|剧情|喜剧|犯罪|悬疑|冒险|动作,搞笑|经典,6.9,1.3294067951547113
1315574,加勒比海盗2：聚魂棺,美国,戈尔·维宾斯基,约翰尼·德普|奥兰多·布鲁姆|凯拉·奈特莉|杰克·达文波特|比尔·奈伊,剧情|奇幻|喜剧|科幻|冒险|动作,魔幻|经典,8.1,1.2842048221619597
1316693,心慌方·零,加拿大,厄尼·巴巴拉什,扎卡里·贝内特|史蒂芬·穆尔|特丽·霍克斯|迈克尔·莱利,剧情|惊悚|恐怖|悬疑|科幻,经典,7.0,1.2609101427429565
1322848,奇爱博士,美国,斯坦利·库布里克,彼得·塞勒斯|乔治·C·斯科特|斯特林·海登|詹姆斯·厄尔·琼斯|格伦·贝克,科幻|剧情|战争|喜剧,经典,8.7,1.4869180912510809
1325958,蒂凡尼的早餐,美国,布莱克·爱德华兹,奥黛丽·赫本|乔治·佩帕德|帕德里夏·妮尔|巴迪·艾布森|马丁·鲍尔萨姆,爱情|喜剧|剧情,女性|经典|文艺|青春,8.1,1.2993598787208591
1329950,达·芬奇密码,法国,朗·霍华德,汤姆·汉克斯|奥黛丽·塔图|伊恩·麦克莱恩|让·雷诺|保罗·贝坦尼,惊悚|悬疑|剧情|犯罪,经典,7.2,1.21936258041064
1388216,撞车,德国,保罗·哈吉斯,桑德拉·布洛克|唐·钱德尔|马特·狄龙|布兰登·费舍|泰伦斯·霍华德,悬疑|剧情|犯罪,经典,8.6,1.5023123613766771
1397546,追随,英国,克里斯托弗·诺兰,杰里米·西奥伯德|亚历克斯·霍|露西·拉塞尔|约翰·诺兰|迪克·布拉德塞尔,惊悚|悬疑|剧情|犯罪,经典|文艺,8.9,1.4885407742635075
1401118,黄金三镖客,西班牙,赛尔乔·莱翁内,克林特·伊斯特伍德|埃里·瓦拉赫|李·范·克里夫|阿尔多·久弗瑞|路易吉·皮斯蒂利,剧情|犯罪|冒险|西部|动作,经典,9.1,1.4831344047913162
1401533,碟中谍3,德国,J·J·艾布拉姆斯,汤姆·克鲁斯|菲利普·塞默·霍夫曼|文·瑞姆斯|比利·克鲁德普|米歇尔·莫纳汉,犯罪|剧情|惊悚|悬疑|冒险|动作,经典,7.3,1.2023287096079007
1401535,虎胆龙威4,英国,伦·怀斯曼,布鲁斯·威利斯|蒂莫西·奥利芬特|贾斯汀·朗|李美琪|克利夫·柯蒂斯,剧情|犯罪|惊悚|冒险|动作,经典,7.6,1.2642560430177496
1418190,007：大战皇家赌场,德国,马丁·坎贝尔,丹尼尔·克雷格|伊娃·格林|麦斯·米科尔森|朱迪·丹奇|杰弗里·怀特,爱情|犯罪|剧情|惊悚|悬疑|冒险|动作,经典,7.4,1.2845172123541695
1418200,傲慢与偏见,法国,乔·赖特,凯拉·奈特莉|马修·麦克费登|唐纳德·萨瑟兰|布兰达·布莱斯|凯瑞·穆里根,爱情|剧情,经典|文艺,8.5,1.3995236298673388
1418834,断背山,加拿大,李安,希斯·莱杰|杰克·吉伦哈尔|米歇尔·威廉姆斯|安妮·海瑟薇|凯特·玛拉,爱情|西部|剧情|同性,感人|经典,8.7,1.4937642178807322
1419936,战争之王,法国,安德鲁·尼科尔,尼古拉斯·凯奇|布丽姬·穆娜|杰瑞德·莱托|伊安·霍姆|伊桑·霍克,战争|剧情|犯罪|传记|动作,经典,8.6,1.3736330754205437
1428175,血钻,美国,爱德华·兹威克,莱昂纳多·迪卡普里奥|杰曼·翰苏|詹妮弗·康纳利|阿诺德·沃斯洛|大卫·哈雷伍德,战争|剧情|犯罪|惊悚|冒险|动作,经典,8.5,1.347602385044281
1432146,钢铁侠,美国,乔恩·费儒,小罗伯特·唐尼|泰伦斯·霍华德|格温妮斯·帕特洛|杰夫·布里吉斯|莱丝莉·比伯,战争|剧情|犯罪|惊悚|科幻|冒险|动作,经典,7.9,1.2604173494530437
1432180,生死停留,美国,马克·福斯特,伊万·麦克格雷格|瑞恩·高斯林|娜奥米·沃茨|凯特·伯顿|伊莉莎白·里瑟,科幻|惊悚|悬疑|剧情,经典,7.5,1.2895212221588324
1433990,风雨哈佛路,美国,彼得·勒文,索拉·伯奇|凯莉·林奇|艾伦·佩吉|迈克尔·莱利,传记|剧情,感人|女性|励志|青春|经典,8.1,1.3878279696669669
1438652,无耻混蛋,美国,昆汀·塔伦蒂诺,布拉德·皮特|梅拉尼·罗兰|克里斯托弗·沃尔兹|伊莱·罗斯|迈克尔·法斯宾德,战争|剧情|喜剧|犯罪|动作,经典,8.4,1.4587142901918875
1440703,爱再来一次,英国,吉尔·约格尔,詹妮弗·洛芙·休伊特|保罗·尼科尔斯|汤姆·威尔金森|黛安娜·哈卡索|露茜·达文波特,爱情|喜剧|剧情|奇幻,感人|经典|文艺,8.0,1.359899622329595
1441238,面纱,加拿大,约翰·卡兰,爱德华·诺顿|娜奥米·沃茨|托比·琼斯|黛安娜·里格|黄秋生,爱情|剧情,经典|文艺,8.2,1.318930764360816
1441602,霍元甲,中国香港,袁和平,梁家仁,剧情|历史|传记|武侠|动作,经典|励志,7.0,1.2004664992853844
1441801,局内人,韩国,禹民镐,李秉宪|曹承佑|白润植|李璟荣|赵在允,剧情|犯罪|惊悚|悬疑|情色|动作,经典|黑帮,7.7,1.2635494680587374
1450031,启示,美国,梅尔·吉布森,鲁迪·杨布拉德|达利娅·埃尔南德斯|乔纳森·布雷维尔|莫里斯·博德耶洛海德|劳尔·特鲁希洛,战争|剧情|惊悚|历史|科幻|冒险|动作,经典,8.5,1.3897351184618532
1457217,哈利·波特与凤凰社,英国,大卫·叶茨,丹尼尔·雷德克里夫|艾玛·沃森|鲁伯特·格林特|加里·奥德曼|拉尔夫·费因斯,剧情|奇幻|悬疑|科幻|冒险,魔幻|经典|青春,7.8,1.2655330200387696
1466007,寂静岭,加拿大,克里斯多夫·甘斯,拉达·米切尔|肖恩·宾|劳瑞·侯登|黛博拉·卡拉·安格|金·寇兹,剧情|奇幻|惊悚|恐怖|悬疑,经典,7.5,1.32592661309334
1467044,魔术师,美国,尼尔·博格,爱德华·诺顿|保罗·吉亚玛提|杰西卡·贝尔|卢夫斯·塞维尔|埃迪·马森,爱情|犯罪|剧情|惊悚|悬疑,感人|魔幻|经典|文艺,7.6,1.2757271689057823
1471507,十三罗汉,美国,史蒂文·索德伯格,乔治·克鲁尼|布拉德·皮特|马特·达蒙|迈克尔·曼特尔|埃利奥特·古尔德,剧情|犯罪|喜剧|惊悚|悬疑|动作,搞笑|经典,7.3,1.257322721734304
1474180,触不到的恋人,韩国,李铉升,全智贤|李政宰,科幻|爱情|剧情|奇幻,感人|经典|文艺,7.8,1.2729382202486839
1477448,南极大冒险,美国,弗兰克·马歇尔,保罗·沃克|布鲁斯·格林伍德|穆恩·布拉得古德|温迪·古逊|贾森·比格斯,冒险|剧情,感人|经典|励志,8.6,1.2113930486343285
1482055,少年汉尼拔,意大利,彼得·韦柏 ,加斯帕德·尤利尔|巩俐|多米尼克·威斯特|理查德·布雷克,剧情|犯罪|惊悚|恐怖|悬疑,经典,7.2,1.2551076018220841
1482072,穿普拉达的女王,美国,大卫·弗兰科尔,安妮·海瑟薇|梅丽尔·斯特里普|艾米莉·布朗特|斯坦利·图齐|西蒙·贝克,爱情|喜剧|剧情,女性|经典|励志|青春,7.9,0.9912821660053872
1498818,通天塔,法国,亚利桑德罗·冈萨雷斯·伊纳里图,布拉德·皮特|凯特·布兰切特|盖尔·加西亚·贝纳尔|艾德里安娜·巴拉扎|菊地凛子,剧情,经典,8.0,1.3695124311325955
1498831,恋爱假期,英国,南希·迈耶斯,卡梅隆·迪亚兹|凯特·温丝莱特|裘德·洛|杰克·布莱克|埃里·瓦拉赫,爱情|喜剧|剧情,女性|经典|文艺,7.6,1.2792042981336629
1578503,美国黑帮,美国,雷德利·斯科特,丹泽尔·华盛顿|罗素·克劳|切瓦特·埃加福特|乔什·布洛林|里玛莉·娜妲,动作|传记|犯罪|剧情,经典|黑帮,7.8,1.1595178331320166
1578507,谍影重重3,德国,保罗·格林格拉斯,马特·达蒙|朱丽娅·斯蒂尔斯|大卫·斯特雷泽恩|斯科特·格伦|帕迪·康斯戴恩,剧情|犯罪|惊悚|悬疑|冒险|动作,经典,8.7,1.4664204154621014
1578509,蝴蝶效应2,美国,约翰·R·莱昂耐迪,埃里克·里夫利|埃莉卡·杜兰斯|达斯汀·米利甘|吉娜·赫尔顿|林赛·麦克斯维尔,爱情|剧情|奇幻|惊悚|悬疑|科幻,经典,5.9,1.2875545212798454
1760622,香水,西班牙,汤姆·提克威,本·卫肖|艾伦·瑞克曼|蕾切儿·哈伍德|达斯汀·霍夫曼|大卫·卡尔德,爱情|犯罪|奇幻|剧情|惊悚|恐怖|悬疑,经典|文艺,8.4,1.4594664956255041
1764796,机器人9号,美国,申·阿克,伊莱贾·伍德|詹妮弗·康纳利|约翰·C·赖利|克里斯托弗·普卢默|克里斯平·格洛弗,战争|剧情|奇幻|惊悚|悬疑|科幻|冒险,感人|经典|励志,7.5,1.2275821611244753
1777612,阳光小美女,美国,乔纳森·戴顿|维莱莉·法瑞斯,阿比盖尔·布蕾斯琳|托妮·科莱特|格雷戈·金尼尔|保罗·达诺|史蒂夫·卡瑞尔,剧情|喜剧,感人|励志|青春|搞笑|文艺|经典,8.2,1.439925261515062
1780330,致命魔术,英国,克里斯托弗·诺兰,休·杰克曼|克里斯蒂安·贝尔|迈克尔·凯恩|丽贝卡·豪尔|斯嘉丽·约翰逊,科幻|惊悚|悬疑|剧情,魔幻|经典,8.8,1.5092453396096894
1781126,十二宫,美国,大卫·芬奇,杰克·吉伦哈尔|马克·鲁弗洛|安东尼·爱德华兹|小罗伯特·唐尼|布莱恩·考克斯,剧情|犯罪|惊悚|恐怖|悬疑|历史|传记,经典,7.3,0.3782362921547594
1793903,幻影凶间,美国,米凯尔·哈弗斯特罗姆,约翰·库萨克|塞缪尔·杰克逊|玛丽·麦克科马克|杰西米·杰西卡·安东尼|兰·卡琉,剧情|惊悚|恐怖|悬疑|科幻,经典,7.4,1.2901634160412065
1793929,达拉斯买家俱乐部,美国,让-马克·瓦雷,马修·麦康纳|詹妮弗·加纳|杰瑞德·莱托|史蒂夫·茨恩|达拉斯·罗伯特斯,传记|同性|剧情,经典|励志,8.7,1.3996253529420124
1794171,变形金刚,美国,迈克尔·贝,希亚·拉博夫|泰瑞斯·吉布森|乔什·杜哈明|安东尼·安德森|梅根·福克斯,爱情|战争|剧情|奇幻|科幻|冒险|动作,经典,8.1,1.4744581084606314
1820156,我是传奇,美国,弗朗西斯·劳伦斯,威尔·史密斯|艾莉丝·布拉加|达什·米霍克|莎莉·理查德森,剧情|惊悚|恐怖|科幻|灾难|动作,经典,7.9,1.2965299275264064
1828115,色，戒,中国台湾,李安,梁朝伟|汤唯|陈冲|王力宏|庹宗华,爱情|剧情|悬疑|情色|历史,女性|经典|文艺,8.2,1.547588455281535
1829654,憨豆的黄金周,德国,史蒂夫·班德莱克,罗温·艾金森|马克思·鲍德里|埃玛·德·科内|威廉·达福|让·雷谢夫,剧情|喜剧,搞笑|经典,7.9,1.3157515389459213
1844413,八月迷情,美国,科斯汀·谢里丹,乔纳森·莱斯·梅耶斯|弗莱迪·海默|罗宾·威廉姆斯|凯丽·拉塞尔|泰伦斯·霍华德,爱情|音乐|剧情,感人|经典|励志|文艺,8.3,1.4723077116992835
1849031,当幸福来敲门,美国,加布里埃莱·穆奇诺,威尔·史密斯|贾登·史密斯|坦迪·牛顿|布莱恩·豪威 |詹姆斯·凯伦,传记|剧情,感人|经典|励志,8.9,1.5077473017268401
1851857,蝙蝠侠：黑暗骑士,英国,克里斯托弗·诺兰,克里斯蒂安·贝尔|希斯·莱杰|艾伦·艾克哈特|迈克尔·凯恩|玛吉·吉伦哈尔,剧情|犯罪|惊悚|悬疑|科幻|动作,经典,9.1,1.5701911041465964
1853176,斯巴达300勇士,美国,扎克·施奈德,杰拉德·巴特勒|文森特·里根|琳娜·海蒂|多米尼克·威斯特|迈克尔·法斯宾德,战争|剧情|奇幻|历史|动作,魔幻|经典|励志,7.7,1.3943871748157095
1857099,老无所依,美国,伊桑·科恩|乔尔·科恩,汤米·李·琼斯|哈维尔·巴登|乔什·布洛林|凯莉·麦克唐纳|伍迪·哈里森,剧情|犯罪|惊悚|悬疑|西部,经典,8.1,1.4727014830964058
1863955,另一个波琳家的女孩,英国,Philippa Lowthorpe,娜塔莎·麦克艾霍恩|乔迪·梅|杰瑞德·哈里斯|斯蒂文·麦金托什|菲利普·格伦尼斯特,爱情|传记|剧情|历史,女性|经典|文艺,7.0,1.2048342605360125
1867345,遗愿清单,美国,罗伯·莱纳,杰克·尼科尔森|摩根·弗里曼|西恩·海耶斯|贝弗利·陶德|罗伯·莫洛,冒险|剧情|喜剧,感人|经典|励志,8.5,1.3916574647046343
1890572,坠入,印度,塔西姆·辛,凯婷卡·安塔鲁|贾斯蒂恩·瓦戴尔|李·佩斯|Kim Uylenbroek|Aiden Lithgow,剧情|奇幻|喜剧|科幻|冒险,魔幻|经典|文艺,8.8,1.464706979403936
1895120,死寂,美国,温子仁,唐尼·沃尔伯格|安贝·瓦莱塔|瑞恩·柯万腾|迈克尔·费尔曼|鲍勃·冈顿,剧情|犯罪|惊悚|恐怖|悬疑,经典,7.5,1.225484495331886
1905462,荒野生存,美国,西恩·潘,埃米尔·赫斯基|马西娅·盖伊·哈登|威廉·赫特|吉娜·马隆|布莱恩·H|德里克,传记|冒险|剧情,经典|文艺|励志|青春,8.6,1.5183764257875063
1907966,疯狂原始人,美国,柯克·德·米科|克里斯·桑德斯,尼古拉斯·凯奇|艾玛·斯通|瑞恩·雷诺兹|凯瑟琳·基纳|克萝丽丝·利奇曼,爱情|冒险|剧情|喜剧,搞笑|感人|经典|励志,8.7,1.4457093708651285
1920796,附注：我爱你,美国,理查德·拉·格拉文斯,希拉里·斯万克|杰拉德·巴特勒|凯西·贝茨|丽莎·库卓|吉娜·格申,爱情|喜剧|剧情,感人|经典|文艺,8.1,1.355902171200803
1920805,成为简·奥斯汀,爱尔兰,朱里安·杰拉德,安妮·海瑟薇|詹姆斯·麦卡沃伊|朱丽·沃特斯|詹姆斯·克伦威尔|玛吉·史密斯,传记|爱情|剧情,女性|经典|文艺,8.2,1.2851780199527065
1937502,追风筝的人,美国,马克·福斯特,赫立德·阿卜杜拉|阿托莎·利奥妮|肖恩·托布 ,战争|剧情,感人|经典,8.2,1.317672226032641
1945330,迷雾,美国,弗兰克·德拉邦特,托马斯·简|马西娅·盖伊·哈登|劳瑞·侯登|安德鲁·布劳尔|托比·琼斯,惊悚|恐怖|悬疑|科幻|灾难,经典,7.8,1.4209169468948832
1947549,生死狙击,美国,安东尼·福奎阿,马克·沃尔伯格|凯特·玛拉|迈克尔·佩纳|丹尼·格洛弗|伊莱亚斯·科泰斯,战争|犯罪|剧情|惊悚|悬疑|动作,经典,7.7,1.2590940676513658
1949312,全民超人汉考克,美国,彼得·博格,威尔·史密斯|查理兹·塞隆|杰森·贝特曼|杰·海德|埃迪·马森,爱情|犯罪|奇幻|喜剧|剧情|科幻|动作,搞笑|魔幻|经典|励志,6.8,1.2495267275516841
1950148,赎罪,法国,乔·赖特,詹姆斯·麦卡沃伊|西尔莎·罗南|凯拉·奈特莉|本尼迪克特·康伯巴奇|布兰达·布莱斯,爱情|悬疑|战争|剧情,经典|文艺,8.2,1.2987079007048474
1966182,霍比特人1：意外之旅,英国,彼得·杰克逊,伊恩·麦克莱恩|马丁·弗瑞曼|理查德·阿米蒂奇|肯·斯托特|格拉汉姆·麦克泰维什,战争|剧情|奇幻|冒险|动作,魔幻|经典,8.2,1.4045878588469032
1972698,守望者,美国,扎克·施奈德,帕特里克·威尔森|卡拉·古奇诺|比利·克鲁德普|玛琳·阿克曼|杰弗里·迪恩·摩根,爱情|剧情|奇幻|犯罪|悬疑|科幻|动作,经典|文艺|青春,8.2,1.4186799227207958
1978709,黑天鹅,美国,达伦·阿伦诺夫斯基,娜塔莉·波特曼|米拉·库尼斯|文森特·卡索|芭芭拉·赫希|薇诺娜·瑞德,剧情|惊悚|悬疑|历史|冒险|动作,女性|经典|励志|文艺,8.5,1.4451936178531426
2010975,澳洲乱世情,澳大利亚,巴兹·鲁赫曼,妮可·基德曼|休·杰克曼|布兰登·沃特斯|大卫·文翰|大卫·古皮利,爱情|战争|剧情|历史|冒险|西部,经典|文艺,7.2,1.1998395005526163
2028647,行动目标希特勒,德国,布莱恩·辛格,汤姆·克鲁斯|肯尼思·布拉纳|比尔·奈伊|汤姆·威尔金森|卡里斯·范·侯登,战争|剧情|惊悚|悬疑|历史|传记|动作,经典,7.0,1.2051092309158544
2028666,换子疑云,美国,克林特·伊斯特伍德,安吉丽娜·朱莉|盖特林·格里菲斯|米歇尔·冈|约翰·马尔科维奇|科鲁姆·费奥瑞,惊悚|悬疑|剧情|犯罪,女性|经典,8.4,1.3726334407532461
2028669,丁丁历险记,美国,史蒂文·斯皮尔伯格,杰米·贝尔|安迪·瑟金斯|丹尼尔·克雷格|西蒙·佩吉|尼克·弗罗斯特,剧情|喜剧|悬疑|冒险|动作,经典,7.6,1.3205921223189054
2028677,雨果,美国,马丁·斯科塞斯,阿萨·巴特菲尔德|科洛·莫瑞兹|本·金斯利|萨莎·拜伦·科恩|裘德·洛,剧情|奇幻|悬疑|科幻|传记,感人|经典|励志|文艺,7.6,1.3704703813141044
2037012,革命之路,英国,萨姆·门德斯,莱昂纳多·迪卡普里奥|凯特·温丝莱特|迈克尔·珊农|芮安·辛普金斯|克里斯托弗·菲茨杰拉德,爱情|剧情,女性|经典|文艺,8.0,1.3784706006785863
2051007,哈利·波特与死亡圣器(上),美国,大卫·叶茨,丹尼尔·雷德克里夫|艾玛·沃森|鲁伯特·格林特|海伦娜·伯翰·卡特|拉尔夫·费因斯,剧情|奇幻|悬疑|冒险|动作,魔幻|经典|青春,7.9,1.3002361319227769
2053515,曾经,爱尔兰,约翰·卡尼,格伦·汉塞德|玛可塔·伊尔格洛娃,爱情|音乐|剧情|同性,感人|经典|文艺|青春,8.3,1.3964647848107026
2063914,哥斯拉,日本,本多猪四郎 ,宝田明|平田昭彦|志村乔|堺左千夫,剧情|惊悚|恐怖|科幻|冒险|灾难|动作,经典,7.2,1.2903881083936348
2124586,飓风营救,法国,皮埃尔·莫瑞尔,连姆·尼森|玛姬·格蕾斯|法米克·詹森|勒兰德·奥瑟|强·格瑞斯,动作|惊悚|剧情|犯罪,经典,8.2,1.286337641063631
2132930,速度与激情4,美国,林诣彬,范·迪塞尔|保罗·沃克|米歇尔·罗德里格兹|乔丹娜·布鲁斯特|盖尔·加朵,动作|冒险|剧情|犯罪,经典,7.6,1.1813768550109662
2161696,他其实没那么喜欢你,德国,肯·卡皮斯,詹妮弗·安妮斯顿|本·阿弗莱克|詹妮弗·康纳利|布莱德利·库珀|斯嘉丽·约翰逊,爱情|剧情|喜剧,女性|经典|励志|文艺,7.7,1.3118898901463856
2209573,贫民窟的百万富翁,印度,丹尼·博伊尔|洛芙琳·坦丹,戴夫·帕特尔|沙鲁巴·舒克拉|亚尼·卡普|拉詹德拉纳斯·祖特施|吉尼瓦·塔瓦尔,爱情|喜剧|剧情,感人|经典|励志|青春,8.5,1.485172103583411
2209575,少年时代,美国,理查德·林克莱特,埃拉·科尔特兰|帕特丽夏·阿奎特|伊桑·霍克|罗蕾莱·林克莱特|史蒂芬·切斯特·普林斯,传记|战争|剧情,励志|经典|文艺|青春,8.5,1.4440916536285076
2268359,暮光之城,美国,凯瑟琳·哈德威克,克里斯汀·斯图尔特|罗伯特·帕丁森|比利·伯克|阿什丽·格林尼|妮基·瑞德,爱情|剧情|奇幻|惊悚|科幻,魔幻|经典|青春,7.3,1.4100564737836783
2300586,这个男人来自地球,美国,理查德·沙因克曼,大卫·李·史密斯|托尼·托德|约翰·比灵斯列|安妮卡·彼得森|阿丽西丝·索普,剧情|奇幻|悬疑|历史|科幻,经典|文艺,8.5,1.5228572139547727
2334904,禁闭岛,美国,马丁·斯科塞斯,莱昂纳多·迪卡普里奥|马克·鲁弗洛|本·金斯利|马克斯·冯·叙多夫|米歇尔·威廉姆斯,剧情|犯罪|惊悚|恐怖|悬疑,经典,8.7,1.3948909350629246
2336735,生命之树,法国,泰伦斯·马力克,布拉德·皮特|西恩·潘|杰西卡·查斯坦|亨特·麦奎肯|拉勒米·艾普勒,剧情|奇幻,经典|文艺,7.0,1.395360538008378
2336737,米尔克,美国,格斯·范·桑特,西恩·潘|乔什·布洛林|詹姆斯·弗兰科|迭戈·卢纳|埃米尔·赫斯基,爱情|剧情|同性|历史|传记,经典|励志,8.3,1.0455002116847993
2368641,情人节,美国,盖瑞·马歇尔,朱莉娅·罗伯茨|安妮·海瑟薇|杰西卡·阿尔芭|杰西卡·贝尔|布莱德利·库珀,爱情|剧情|奇幻|喜剧|同性,感人|青春|搞笑|文艺|经典|魔幻,7.0,0.3533625464712566
2369549,公众之敌,美国,迈克尔·曼,约翰尼·德普|克里斯蒂安·贝尔|玛丽昂·歌迪亚|比利·克鲁德普|吉奥瓦尼·瑞比西,剧情|犯罪|悬疑|历史|传记|动作,经典|黑帮,7.4,1.2491502617284984
2969282,七磅,美国,加布里埃莱·穆奇诺,威尔·史密斯|罗莎里奥·道森|伍迪·哈里森|巴里·佩珀|迈克尔·伊雷,爱情|剧情,感人|经典|励志,8.1,1.3223785494162021
2973079,霍比特人3：五军之战,美国,彼得·杰克逊,马丁·弗瑞曼|伊恩·麦克莱恩|理查德·阿米蒂奇|伊万杰琳·莉莉|李·佩斯,战争|剧情|奇幻|科幻|冒险|动作,魔幻|经典,8.2,0.3622951604873819
2974278,蓝色情人节,美国,德里克·斯安弗朗斯,瑞恩·高斯林|米歇尔·威廉姆斯|费丝·瓦拉迪卡|约翰·道曼|迈克·沃格尔,爱情|剧情,经典|文艺,7.8,1.3388364036421851
2997134,创：战纪,美国,约瑟夫·科辛斯基,加内特·赫德兰|奥利维亚·王尔德|杰夫·布里吉斯|布鲁斯·巴克林纳|詹姆斯·弗莱恩,奇幻|惊悚|科幻|冒险|动作,经典,6.5,1.3444033261308408
3006783,机械师,西班牙,布拉德·安德森,克里斯蒂安·贝尔|詹妮弗·杰森·李|艾塔娜·桑切斯-希洪|约翰·沙拉恩|迈克尔·艾恩塞德,剧情|犯罪|惊悚|恐怖|悬疑|科幻|动作,经典|文艺,7.5,1.2249540923944067
3008247,穿条纹睡衣的男孩,德国,马克·赫尔曼,阿萨·巴特菲尔德|维拉·法米加|大卫·休里斯|杰克·塞隆|鲁伯特·弗兰德,战争|剧情|历史,感人|经典,8.9,0.43437224276306924
3009161,守法公民,美国,F·加里·格雷,杰米·福克斯|杰拉德·巴特勒|科尔姆·米尼|布鲁斯·麦克吉尔|莱丝莉·比伯,剧情|犯罪|惊悚|悬疑|动作,经典,7.9,1.3058619449779048
3011049,姐姐的守护者,美国,尼克·卡萨维茨,卡梅隆·迪亚兹|阿比盖尔·布蕾斯琳|苏菲亚·威希涅瓦|亚历克·鲍德温|琼·库萨克,剧情,女性|感人|经典|励志,8.2,1.37147588943015
3011051,恐怖游轮,澳大利亚,克里斯托弗·史密斯,梅利莎·乔治|利亚姆·海姆斯沃斯|迈克尔·多曼|瑞秋·卡帕尼|艾玛·朗,剧情|惊悚|恐怖|悬疑|科幻,经典,8.4,1.456412687651735
3011072,珍爱,美国,李·丹尼尔斯,加布蕾·丝迪贝|莫妮克|宝拉·巴顿|玛丽亚·凯莉|蓝尼·克罗维兹,爱情|剧情|同性,女性|感人|经典|励志,8.1,1.2662385674579133
3011093,成长教育,法国,罗勒·莎菲,凯瑞·穆里根|彼得·萨斯加德|阿尔弗雷德·莫里纳|卡拉·西摩|奥莉维亚·威廉姆斯,爱情|剧情,女性|励志|青春|文艺|经典,7.7,1.2762870667466104
3011308,孤儿怨,加拿大,佐米·希尔拉,维拉·法米加|彼得·萨斯加德|伊莎贝拉·弗尔曼|希·庞德|吉米·本内特,剧情|犯罪|惊悚|恐怖|悬疑,女性|经典,8.1,1.3598996223295956
3023164,点球成金,美国,贝尼特·米勒,布拉德·皮特|乔纳·希尔|菲利普·塞默·霍夫曼|罗宾·怀特|克里斯·帕拉特,传记|剧情,经典|励志,8.2,1.3242563955048159
3026357,老爷车,德国,克林特·伊斯特伍德,克林特·伊斯特伍德|克里斯托弗·卡利|比·王|安蕾·荷|布莱恩·黑利,爱情|剧情|犯罪,感人|经典,8.6,1.3747682908579533
3041269,永无止境,美国,罗伯特·汤,比利·克鲁德普|唐纳德·萨瑟兰|莫妮卡·波特,爱情|剧情|奇幻|犯罪|喜剧|惊悚|悬疑|科幻|传记|动作,经典|励志|青春,7.9,1.2249540923944056
3073073,简爱,意大利,佛朗哥·泽菲雷里,威廉·赫特|夏洛特·甘斯布|安娜·帕奎因,爱情|剧情,女性|经典|励志|文艺,7.9,1.207227406916678
3075287,源代码,加拿大,邓肯·琼斯,杰克·吉伦哈尔|维拉·法米加|米歇尔·莫纳汉|杰弗里·怀特|拉塞尔·皮特斯,爱情|剧情|奇幻|犯罪|惊悚|悬疑|科幻|动作,经典,8.3,1.3766516652419918
3077413,蝴蝶效应3：启示,美国,塞斯·格罗斯曼,克里斯·卡马克|蕾切尔·敏纳,剧情|奇幻|犯罪|惊悚|恐怖|悬疑|科幻,经典,6.7,1.2445449409996157
3143676,林中小屋,德国,汉斯·魏因加特纳,尤莉亚·延奇|Eleonore Weisgerber,剧情|喜剧|奇幻|惊悚|恐怖|悬疑|冒险,经典|文艺,7.1,1.3459998796892296
3169043,我的名字叫可汗,印度,卡伦·乔哈尔,沙鲁克·汗|卡卓儿|肖恩·哈珀|Harmony Blossom,爱情|剧情,感人|经典|励志,8.4,1.4648147786963879
3205624,社交网络,美国,大卫·芬奇,杰西·艾森伯格|安德鲁·加菲尔德|贾斯汀·汀布莱克|鲁妮·玛拉|约瑟夫·梅泽罗,传记|剧情,经典|励志|青春,8.1,1.4577290951077102
3217149,忍者神龟：变种时代,美国,乔纳森·里贝斯曼,梅根·福克斯|威尔·阿奈特|威廉·菲德内尔|阿兰·里奇森|诺尔·费舍,剧情|犯罪|喜剧|奇幻|科幻|冒险|动作,搞笑|经典,6.4,1.2305201966818389
3217169,勇士,美国,加文·欧康诺,汤姆·哈迪|乔尔·埃哲顿|尼克·诺特|詹妮弗·莫里森|弗兰克·格里罗,战争|剧情|历史|冒险|动作,感人|励志|经典|搞笑,8.9,1.4917301541379888
3233761,宿醉,美国,托德·菲利普斯,布莱德利·库珀|艾德·赫尔姆斯|扎克·加利凡纳基斯|贾斯汀·巴萨|海瑟·格拉汉姆,剧情|悬疑|犯罪|喜剧,搞笑|经典,7.6,1.3630937002645758
3236904,自闭历程,美国,米克·杰克逊,克莱尔·丹妮丝|朱莉娅·奥蒙德|凯瑟琳·欧哈拉|大卫·斯特雷泽恩|Barry Tubb,传记|剧情,女性|经典|励志,8.8,1.306150891265542
3275168,单身男子,美国,汤姆·福特,科林·费尔斯|朱丽安·摩尔|尼古拉斯·霍尔特|马修·古迪|金妮弗·古德温,爱情|同性|剧情,经典|文艺,8.5,1.4238287321298855
3319755,怦然心动,美国,罗伯·莱纳,玛德琳·卡罗尔|卡兰·麦克奥利菲|瑞贝卡·德·莫妮|安东尼·爱德华兹|约翰·马奥尼,爱情|剧情|喜剧|歌舞,感人|经典|文艺|青春,8.9,1.458785269538208
3338862,终结者：创世纪,美国,阿兰·泰勒,阿诺·施瓦辛格|杰森·克拉克|艾米莉亚·克拉克|杰·科特尼|J·K·西蒙斯,战争|剧情|惊悚|科幻|冒险|动作,经典,6.9,1.2279616574891126
3364223,了不起的盖茨比,澳大利亚,巴兹·鲁赫曼,莱昂纳多·迪卡普里奥|凯瑞·穆里根|托比·马奎尔|艾拉·菲舍尔|乔尔·埃哲顿,爱情|传记|剧情,经典|励志|文艺,7.7,1.3522260242069564
3541415,盗梦空间,英国,克里斯托弗·诺兰,莱昂纳多·迪卡普里奥|约瑟夫·高登-莱维特|艾伦·佩吉|汤姆·哈迪|渡边谦,爱情|剧情|犯罪|奇幻|惊悚|悬疑|科幻|冒险|动作,经典,9.3,1.6172603890137327
3569943,命运规划局,美国,乔治·诺非,马特·达蒙|艾米莉·布朗特|迈克尔·凯利|Chuck Scarborough|乔恩·斯图尔特,爱情|剧情|奇幻|喜剧|惊悚|悬疑|科幻|动作,经典|励志,6.9,1.2017429704010179
3592854,疯狂的麦克斯4：狂暴之路,澳大利亚,乔治·米勒,汤姆·哈迪|查理兹·塞隆|尼古拉斯·霍尔特|休·基斯-拜恩|乔什·赫尔曼,战争|剧情|奇幻|犯罪|惊悚|科幻|冒险|动作,女性|经典,8.5,1.5502205936588294
3592859,囚徒,澳大利亚,Michael Spiccia,韦德·布里格斯,犯罪|剧情|惊悚|悬疑|科幻,经典|青春,7.0,1.3138241035651297
3626372,大地惊雷,美国,乔尔·科恩|伊桑·科恩,杰夫·布里吉斯|海莉·斯坦菲尔德|马特·达蒙|乔什·布洛林|巴里·佩珀,剧情|犯罪|冒险|西部|动作,经典|励志|青春,8.1,1.3858121278426256
3642835,黑衣人3,美国,巴里·索南菲尔德,威尔·史密斯|汤米·李·琼斯|乔什·布洛林|杰梅奈·克莱门特|艾玛·汤普森,剧情|奇幻|喜剧|科幻|动作,搞笑|经典,7.5,1.2616797469271557
3743114,黄海,韩国,罗泓轸,河正宇|金允石|郑满植|李哲民 |李艾,剧情|犯罪|惊悚|悬疑|动作,经典|黑帮,8.4,1.3122469778498094
3793783,地心引力,美国,阿方索·卡隆,桑德拉·布洛克|乔治·克鲁尼|艾德·哈里斯|奥托·伊格内修森|法尔杜特·夏尔马,剧情|惊悚|科幻|冒险|灾难,经典|励志,7.8,1.5256758802891282
3804629,招魂,美国,温子仁,维拉·法米加|帕特里克·威尔森|莉莉·泰勒|朗·里维斯顿|珊莉·卡斯韦尔,惊悚|悬疑|恐怖|剧情,经典,7.6,1.236212007865549
3819877,活埋,法国,罗德里戈·科尔特斯,瑞恩·雷诺兹|何塞·路易斯·加西亚·佩雷斯|罗伯特·帕特森,战争|剧情|犯罪|惊悚|恐怖|悬疑,经典,7.8,1.33977185015896
3895511,遗落战境,美国,约瑟夫·科辛斯基,汤姆·克鲁斯|摩根·弗里曼|欧嘉·柯瑞兰寇|尼古拉·科斯特-瓦尔道|佐伊·贝尔,爱情|战争|剧情|奇幻|悬疑|科幻|冒险|灾难|动作,经典,6.9,1.2796716516887625
4023638,国王的演讲,澳大利亚,汤姆·霍珀,科林·费尔斯|杰弗里·拉什|海伦娜·伯翰·卡特|盖·皮尔斯|迈克尔·刚本,传记|剧情|历史,感人|经典|励志|文艺,8.3,1.422883055520483
4116480,菲利普船长,美国,保罗·格林格拉斯,汤姆·汉克斯|巴克德·阿巴蒂|巴哈德·阿布迪|法塞尔·阿迈德|马哈特·M·阿里,冒险|战争|犯罪|剧情|惊悚|悬疑|传记|动作,经典,8.1,0.3864346788349737
4164444,127小时,英国,丹尼·博伊尔,詹姆斯·弗兰科|丽兹·卡潘|凯特·玛拉|爱波·塔布琳|克蕾曼丝·波西,传记|惊悚|冒险|剧情,经典|励志,8.1,1.341230234423347
4202982,冰雪奇缘,美国,克里斯·巴克|珍妮弗·李,克里斯汀·贝尔|伊迪娜·门泽尔|乔纳森·格罗夫|乔什·加德|圣蒂诺·方塔纳,爱情|剧情|奇幻|喜剧|音乐|冒险|歌舞,魔幻,8.3,1.3383122727425225
4319218,午夜巴黎,西班牙,伍迪·艾伦,欧文·威尔逊|玛丽昂·歌迪亚|瑞秋·麦克亚当斯|汤姆·希德勒斯顿|凯西·贝茨,爱情|剧情|奇幻|喜剧,经典|文艺,8.2,1.3519157067613434
4724373,死神来了5,美国,史蒂文·奎里 ,麦尔斯·费舍|尼克·达歌斯托|大卫·科恩查内|艾玛·贝尔|梅甘·欧瑞,惊悚|恐怖|悬疑|科幻|灾难,经典,6.5,1.224459837090053
4767216,憨豆特工2,法国,奥利弗·帕克,罗温·艾金森|吉莲·安德森|多米尼克·威斯特|裴淳华|丹尼尔·卡卢亚,剧情|喜剧|犯罪|冒险|动作,搞笑|经典,7.0,1.2297191231887385
4798888,叫我第一名,美国,彼得·维纳,詹姆斯·沃克|特里特·威廉斯|多米尼克·斯科特·凯伊|莎拉·德鲁|凯瑟琳·约克,传记|剧情,感人|经典|励志,8.6,1.4480185355101263
4915107,留下我,美国,达斯汀·巴拉德,瑞恩·敦拉普|马克·古利克森|萨拉·凡·厄曼|克里斯托弗·埃克斯|贾斯汀·克鲁斯,爱情|剧情|奇幻,感人|经典|文艺,8.9,1.2424882909224855
4924142,时间规划局,美国,安德鲁·尼科尔,阿曼达·塞弗里德|贾斯汀·汀布莱克|基里安·墨菲|文森特·卡塞瑟|亚历克斯·帕蒂弗,爱情|剧情|犯罪|奇幻|惊悚|悬疑|科幻|冒险|动作,经典|励志,6.9,1.168442645559653
5322596,超脱,美国,托尼·凯耶,艾德里安·布洛迪|马西娅·盖伊·哈登|詹姆斯·肯恩|克里斯蒂娜·亨德里克斯|刘玉玲,悬疑|剧情,感人|励志|青春|文艺|经典,8.8,1.262920931030044
5323957,安德的游戏,美国,加文·胡德,阿萨·巴特菲尔德|哈里森·福特|海莉·斯坦菲尔德|阿比盖尔·布蕾斯琳|本·金斯利,战争|剧情|奇幻|科幻|冒险|动作,经典|青春,6.9,1.278432505594841
5327268,荒野猎人,美国,亚利桑德罗·冈萨雷斯·伊纳里图,莱昂纳多·迪卡普里奥|汤姆·哈迪|多姆纳尔·格里森|威尔·保尔特|福勒斯特·古德勒克,剧情|惊悚|悬疑|历史|冒险|西部,经典|励志,7.8,1.3027024016705753
5387041,浮生一日,美国,凯文·麦克唐纳|Natalia|Andreadis,Cindy|Baer,剧情,感人|经典,8.8,1.4882652704313768
6097775,艺术家,法国,米歇尔·阿扎纳维西于斯,让·杜雅尔丹|贝热尼丝·贝乔|约翰·古德曼|詹姆斯·克伦威尔|比茜·图诺克,爱情|音乐|剧情|喜剧,感人|经典,8.4,1.4690215912984312
6307447,被解救的姜戈,美国,昆汀·塔伦蒂诺,杰米·福克斯|莱昂纳多·迪卡普里奥|克里斯托弗·沃尔兹|塞缪尔·杰克逊|凯丽·华盛顿,爱情|犯罪|剧情|历史|冒险|西部|动作,经典,8.6,1.4125854302824823
6311303,加勒比海盗5：死无对证,美国,艾斯彭·山德伯格|乔阿吉姆·罗恩尼,约翰尼·德普|哈维尔·巴登|杰弗里·拉什|布伦顿·思韦茨|卡雅·斯考达里奥,剧情|喜剧|奇幻|科幻|冒险|动作,搞笑|魔幻|经典|励志,7.2,1.3042910685698361
6537500,速度与激情6,美国,林诣彬,范·迪塞尔|保罗·沃克|道恩·强森|乔丹娜·布鲁斯特|米歇尔·罗德里格兹,爱情|剧情|犯罪|惊悚|冒险|动作,经典,7.7,1.2982936377602834
6549903,逃离德黑兰,伊朗,本·阿弗莱克,本·阿弗莱克|布莱恩·科兰斯顿|凯尔·钱德勒|约翰·古德曼|克里·杜瓦尔,战争|剧情|冒险|惊悚|悬疑|历史|传记|动作,经典,8.2,1.418570442316357
6722879,她,德国,保罗·范霍文,伊莎贝尔·于佩尔|罗兰·拉斐特|安妮·康斯金尼|夏尔·贝尔林|维尔日妮·埃菲拉,爱情|剧情|犯罪|喜剧|奇幻|惊悚|悬疑|科幻,感人|女性|经典|文艺,7.7,1.463462294898563
6786002,触不可及,法国,奥利维埃·纳卡什|埃里克·托莱达诺,弗朗索瓦·克鲁塞|奥玛·希|安娜·勒尼|奥德雷·弗勒罗|托马·索利韦尔,爱情|战争|剧情|喜剧,感人|励志|搞笑|文艺|经典,9.2,1.5408011325435966
6845667,秘密特工,美国,盖·里奇,亨利·卡维尔|艾米·汉莫|艾丽西亚·维坎德|西尔维斯特·格罗特|休·格兰特,犯罪|剧情|喜剧|悬疑|冒险|动作,搞笑|经典,8.0,1.2735176376194444
6874403,再次出发之纽约遇见你,美国,约翰·卡尼,凯拉·奈特莉|马克·鲁弗洛|亚当·莱文|詹姆斯·柯登|海莉·斯坦菲尔德,爱情|音乐|喜剧|剧情,感人|经典|励志|文艺,8.5,1.3441678167127922
7051900,宿醉3,美国,托德·菲利普斯,布莱德利·库珀|扎克·加利凡纳基斯|艾德·赫尔姆斯|贾斯汀·巴萨|郑肯,冒险|喜剧|剧情|犯罪,经典,6.4,1.216738032290176
10440138,侏罗纪世界,美国,科林·特雷沃罗,克里斯·帕拉特|布莱丝·达拉斯·霍华德|文森特·多诺费奥|泰·辛普金斯|尼克·罗宾森,爱情|剧情|喜剧|惊悚|科幻|冒险|灾难|动作,搞笑|经典,7.7,1.280702619345802
10463953,模仿游戏,英国,莫滕·泰杜姆,本尼迪克特·康伯巴奇|凯拉·奈特莉|马修·古迪|罗里·金奈尔|艾伦·里奇,爱情|战争|剧情|同性|历史|传记,感人|励志|经典|文艺,8.6,1.3560818404351402
10485526,潜伏2,美国,温子仁,帕特里克·威尔森|萝丝·拜恩|泰·辛普金斯|林·沙烨|芭芭拉·赫希,惊悚|恐怖,经典,7.8,1.2506594005444542
10485647,X战警：逆转未来,英国,布莱恩·辛格,休·杰克曼|詹姆斯·麦卡沃伊|迈克尔·法斯宾德|詹妮弗·劳伦斯|哈莉·贝瑞,剧情|奇幻|科幻|冒险|动作,经典,8.2,1.4206509948784936
10512661,银翼杀手2049,加拿大,丹尼斯·维伦纽瓦,瑞恩·高斯林|哈里森·福特|安娜·德·阿玛斯|西尔维娅·侯克斯|罗宾·怀特,剧情|犯罪|奇幻|惊悚|悬疑|科幻|动作,经典|文艺,8.3,1.5261717466262426
10533913,头脑特工队,美国,彼特·道格特|罗纳尔多·德尔·卡门,艾米·波勒|菲利丝·史密斯|理查德·坎德|比尔·哈德尔|刘易斯·布莱克,剧情|冒险|喜剧|奇幻,感人|经典|励志,8.7,1.4611330911008458
10727641,碟中谍5：神秘国度,中国香港,克里斯托弗·麦奎里,汤姆·克鲁斯|杰瑞米·雷纳|西蒙·佩吉|丽贝卡·弗格森|文·瑞姆斯,犯罪|剧情|惊悚|悬疑|冒险|动作,经典,7.7,1.1934216586166242
11525673,布达佩斯大饭店,德国,韦斯·安德森,拉尔夫·费因斯|托尼·雷沃罗利|艾德里安·布洛迪|威廉·达福|裘德·洛,战争|剧情|奇幻|喜剧|历史|冒险,搞笑|经典|文艺,8.8,1.5078702439774705
11606328,霍比特人2：史矛革之战,美国,彼得·杰克逊,伊恩·麦克莱恩|马丁·弗瑞曼|理查德·阿米蒂奇|本尼迪克特·康伯巴奇|奥兰多·布鲁姆,剧情|奇幻|科幻|冒险|动作,魔幻|经典,8.2,1.39720549067887
11610281,敢死队3,美国,帕特里克·休斯,西尔维斯特·史泰龙|杰森·斯坦森|阿诺·施瓦辛格|杜夫·龙格尔|韦斯利·斯奈普斯,战争|剧情|喜剧|犯罪|惊悚|冒险|动作,经典,6.7,1.2294289306403579
20471852,生化危机：终章,美国,保罗·安德森,米拉·乔沃维奇|伊恩·格雷|艾丽·拉特|鲁比·罗丝|李准基,剧情|惊悚|恐怖|悬疑|科幻|冒险|灾难|动作,经典,6.5,1.3113688807011872
21318488,消失的爱人,美国,大卫·芬奇,本·阿弗莱克|裴淳华|尼尔·帕特里克·哈里斯|凯莉·库恩|泰勒·派瑞,爱情|剧情|犯罪|惊悚|悬疑,女性|经典|文艺,8.7,1.4680538928616493
21349734,博物馆奇妙夜3,英国,肖恩·利维,本·斯蒂勒|罗宾·威廉姆斯|欧文·威尔逊|史蒂夫·库根|瑞奇·热维斯,剧情|喜剧|奇幻|科幻|冒险|动作,搞笑|魔幻|经典,7.0,1.22238390299255
22263645,猜火车2,英国,丹尼·博伊尔,伊万·麦克格雷格|约翰尼·李·米勒|罗伯特·卡莱尔|艾文·布莱纳|雪莉·亨德森,剧情|犯罪|喜剧,经典|文艺|青春,8.0,1.014097022601838
22939161,星际迷航3：超越星辰,美国,林诣彬,克里斯·派恩|扎克瑞·昆图|佐伊·索尔达娜|西蒙·佩吉|安东·叶利钦,战争|剧情|奇幻|科幻|冒险|动作,经典,7.3,1.3023425417669867
23331914,狂怒,德国,弗里茨·朗,西尔维娅·西德尼|斯宾塞·屈塞|沃尔特·艾贝尔,战争|剧情|犯罪|历史|动作,感人|经典,8.2,1.2282131360262791
23761370,速度与激情7,日本,温子仁,范·迪塞尔|保罗·沃克|杰森·斯坦森|米歇尔·罗德里格兹|乔丹娜·布鲁斯特,爱情|犯罪|剧情|惊悚|冒险|动作,感人|经典,8.3,1.4011717533130204
24815950,万物理论,英国,詹姆斯·马什,埃迪·雷德梅恩|菲丽希缇·琼斯|大卫·休里斯|艾米丽·沃森|查理·考克斯,传记|爱情|剧情,经典|励志|文艺,8.2,1.2544838499278221
24860563,招魂2,加拿大,温子仁,帕特里克·威尔森|维拉·法米加|麦迪逊·沃尔夫|弗兰西丝·奥康纳|劳伦·埃斯波西托,惊悚|悬疑|恐怖|剧情,经典,7.6,1.2553273863207344
25662329,疯狂动物城,美国,拜伦·霍华德|瑞奇·摩尔|杰拉德·布什,金妮弗·古德温|杰森·贝特曼|伊德里斯·艾尔巴|珍妮·斯蕾特|内特·托伦斯,爱情|剧情|喜剧|冒险|动作,搞笑|经典|励志,9.1,1.5494385304876617
25726614,神奇动物在哪里,英国,大卫·叶茨,埃迪·雷德梅恩|凯瑟琳·沃特斯顿|丹·福勒|艾莉森·萨多尔|科林·法瑞尔,剧情|喜剧|奇幻|科幻|冒险,魔幻|经典,7.8,1.286882181673468
25765735,金刚狼3：殊死一战,美国,詹姆斯·曼高德,休·杰克曼|帕特里克·斯图尔特|达芙妮·基恩|波伊德·霍布鲁克|斯戴芬·莫昌特,剧情|奇幻|悬疑|科幻|冒险|动作,感人|经典,8.3,1.3721557537922855
25773932,爆裂鼓手,美国,达米恩·查泽雷,迈尔斯·特勒|J·K·西蒙斯|保罗·雷瑟|梅莉莎·班诺伊|奥斯汀·斯托维尔,音乐|剧情,经典|励志,8.6,1.5311428496960013
25777636,奇幻森林,美国,乔恩·费儒,尼尔·塞西|比尔·默瑞|本·金斯利|伊德里斯·艾尔巴|露皮塔·尼永奥,冒险|奇幻,经典,7.8,1.242704950215672
25787888,八恶人,美国,昆汀·塔伦蒂诺,塞缪尔·杰克逊|库尔特·拉塞尔|詹妮弗·杰森·李|沃尔顿·戈金斯|德米安·比齐尔,剧情|喜剧|犯罪|惊悚|悬疑|西部|动作,经典|黑帮,8.3,1.403540696173384
25790761,东方快车谋杀案,英国,菲利普·马丁,大卫·苏切|艾琳·阿特金斯|杰西卡·查斯坦|玛丽-乔西·克罗兹|大卫·莫瑞瑟,惊悚|悬疑|剧情|犯罪,经典,8.0,1.1941043825624091
25807345,彗星来的那一夜,英国,詹姆斯·沃德·布柯特,艾米丽·芭尔多尼|莫瑞·史特林|尼古拉斯·布兰登|劳伦·斯卡法莉娅|伊丽莎白·格瑞斯,剧情|奇幻|惊悚|悬疑|科幻,经典,8.4,1.3816652134266068
25808075,猩球崛起3：终极之战,美国,马特·里夫斯,安迪·瑟金斯|伍迪·哈里森|史蒂夫·茨恩|卡琳·考诺娃|阿米尔·米勒,战争|剧情|奇幻|惊悚|科幻|冒险|动作,经典,6.9,1.2279953848236007
25824686,变形金刚5：最后的骑士,美国,迈克尔·贝,马克·沃尔伯格|伊莎贝拉·莫奈|劳拉·哈德克|安东尼·霍普金斯|乔什·杜哈明,战争|剧情|惊悚|科幻|冒险|动作,经典,4.8,1.4424200804718266
25864085,火星救援,英国,雷德利·斯科特,马特·达蒙|杰西卡·查斯坦|克里斯汀·韦格|杰夫·丹尼尔斯|迈克尔·佩纳,剧情|喜剧|科幻|冒险|灾难,经典|励志,8.4,1.226475675253507
25900945,美女与野兽,英国,比尔·康顿,艾玛·沃森|丹·史蒂文斯|卢克·伊万斯|凯文·克莱恩|乔什·加德,爱情|剧情|喜剧|奇幻|音乐|科幻|动作|歌舞,女性|魔幻|经典|青春,7.2,1.2627461552336883
25908051,间谍之桥,印度,史蒂文·斯皮尔伯格,汤姆·汉克斯|马克·里朗斯|斯科特· 谢泼德|艾米·莱安|塞巴斯蒂安·科赫,剧情|惊悚|悬疑|历史|传记,经典,8.0,1.205315417534568
25934014,爱乐之城,美国,达米恩·查泽雷,瑞恩·高斯林|艾玛·斯通|约翰·传奇|罗丝玛丽·德薇特|芬·维特洛克,爱情|剧情|喜剧|音乐|歌舞,励志|经典|文艺|青春,8.3,1.4876432430929905
25955491,罪恶之家,英国,艾斯林·沃什,大卫·休里斯|米兰达·理查森|苏菲·兰朵|肯·斯托特|芬恩·科尔,惊悚|悬疑|剧情|犯罪,经典,8.3,1.4011041263342336
25955779,忍者神龟2：破影而出,加拿大,戴夫·格林,梅根·福克斯|斯蒂芬·阿梅尔|威尔·阿奈特|皮特·普劳泽克|阿兰·里奇森,剧情|犯罪|喜剧|奇幻|科幻|冒险|动作,搞笑|经典,6.3,1.2055215688881145
25983044,比利·林恩的中场战事,英国,李安,乔·阿尔文|加内特·赫德兰|克里斯汀·斯图尔特|范·迪塞尔|李淳,剧情|战争|动作,经典|文艺,8.4,1.4332963309566575
26260853,速度与激情8,日本,F·加里·格雷,范·迪塞尔|道恩·强森|查理兹·塞隆|杰森·斯坦森|米歇尔·罗德里格兹,犯罪|剧情|惊悚|冒险|动作,经典,7.0,1.2490439499806356
26266072,谍影重重5,美国,保罗·格林格拉斯,马特·达蒙|汤米·李·琼斯|艾丽西亚·维坎德|文森特·卡索|朱丽娅·斯蒂尔斯,剧情|犯罪|惊悚|悬疑|冒险|动作,经典,7.3,1.2416609394636566
26303622,大空头,美国,亚当·麦凯,克里斯蒂安·贝尔|史蒂夫·卡瑞尔|瑞恩·高斯林|布拉德·皮特|梅丽莎·里奥,剧情|犯罪|喜剧|历史|传记,经典,8.3,1.3951944711552222
26339213,无名女尸,英国,安德烈·艾弗道夫,埃米尔·赫斯基|布莱恩·考克斯|奥菲利亚·拉维邦德|迈克尔·麦克埃尔哈顿|奥尔雯·凯瑟琳·凯莉,犯罪|奇幻|剧情|惊悚|恐怖|悬疑,经典,7.4,1.2111769808837067
26416603,萨利机长,美国,克林特·伊斯特伍德,汤姆·汉克斯|艾伦·艾克哈特|劳拉·琳妮|杰瑞·费拉拉|安娜·冈,剧情|传记|历史|冒险|灾难,感人|经典|励志,8.3,1.326254548945283
26607693,敦刻尔克,法国,克里斯托弗·诺兰,菲恩·怀特海德|汤姆·格林-卡尼|杰克·劳登|哈里·斯泰尔斯|阿奈林·巴纳德,战争|剧情|惊悚|悬疑|历史|传记|动作,经典,8.4,1.4558011573469998
26614893,完美陌生人,意大利,保罗·格诺维塞,马可·贾利尼|卡夏·斯穆特尼亚克|爱德华多·莱奥|阿尔巴·罗尔瓦赫尔|瓦莱里奥·马斯坦德雷亚,爱情|悬疑|剧情|同性,经典|文艺,8.6,1.3792965965531854
26628357,一个叫欧维的男人决定去死,瑞典,汉内斯·赫尔姆,罗夫·拉斯加德|巴哈·帕斯|托比亚斯·阿姆博瑞|菲利普·伯格|安娜-莱娜·布伦丁,爱情|剧情|喜剧,感人|经典|文艺,8.7,1.3718749196612985
